TX_ID,CUSTOMER_ID,TX_DATE,PRODUCT_ID,QUANTITY,AMOUNT_LOCAL,CURRENCY
1,1114,2023-07-04,2018,4,118.38,USD
2,1020,2023-08-27,2014,9,185.81,EUR
3,1331,2023-05-27,2022,8,25.43,DKK
4,1244,2023-01-16,2035,4,210.95,EUR
5,1362,2023-07-30,2033,2,15.57,EUR
6,1094,2023-01-08,2043,9,109.76,EUR
7,1369,2023-04-11,2008,2,200.11,SEK
8,1422,2023-11-03,2011,1,75.93,USD
9,1039,2023-06-19,2005,8,62.93,EUR
10,1448,2023-08-03,2023,3,166.0,EUR
11,1210,2023-12-19,2044,6,68.66,EUR
12,1047,2023-03-24,2035,3,107.72,EUR
13,1260,2023-11-05,2008,3,136.73,DKK
14,1246,2023-10-02,2027,9,85.49,EUR
15,1476,2023-05-19,2027,1,142.64,USD
16,1291,2023-04-07,2044,4,110.01,USD
17,1110,2023-04-10,2021,4,62.2,EUR
18,1071,2023-06-03,2047,3,56.41,DKK
19,1405,2023-08-22,2021,7,43.18,EUR
20,1019,2023-06-14,2000,7,220.93,DKK
21,1226,2023-02-23,2047,9,113.11,EUR
22,1186,2023-12-15,2033,3,78.62,DKK
23,1105,2023-05-22,2017,4,120.44,USD
24,1318,2023-11-22,2014,4,19.71,USD
25,1032,2023-03-11,2009,4,-20.5,USD
26,1043,2023-04-12,2025,8,112.06,DKK
27,1200,2023-10-11,2002,2,82.9,SEK
28,1216,2023-04-12,2023,3,130.42,USD
29,1248,2023-11-23,2032,8,1.54,USD
30,1014,2023-06-04,2006,8,111.18,EUR
31,1340,2023-06-16,2005,9,58.47,EUR
32,1295,2023-01-02,2002,2,118.8,EUR
33,1483,2023-06-04,2002,9,97.61,SEK
34,1040,2023-04-23,2000,9,35.29,SEK
35,1117,2023-07-19,2019,5,11.23,USD
36,1376,2023-12-14,2019,8,60.91,EUR
37,1385,2023-01-06,2044,9,85.12,EUR
38,1352,2023-11-02,2038,7,138.53,EUR
39,1394,2023-05-26,2001,7,167.78,EUR
40,1187,2023-07-15,2037,2,145.52,DKK
41,1482,2023-06-21,2029,5,110.61,EUR
42,1240,2023-06-27,2042,7,201.61,DKK
43,1439,2023-10-29,2048,6,110.46,EUR
44,1390,2023-12-11,2026,6,179.09,EUR
45,1259,2023-12-28,2016,9,153.71,DKK
46,1223,2023-08-05,2033,9,66.36,EUR
47,1041,2023-09-13,2049,2,51.09,EUR
48,1159,2023-12-11,2008,2,44.84,EUR
49,1112,2023-12-07,2016,8,49.85,EUR
50,1287,2023-12-31,2022,4,46.87,DKK
51,1100,2023-01-18,2011,8,77.94,DKK
52,1095,2023-01-13,2031,1,81.11,USD
53,1447,2023-07-31,2043,7,89.0,EUR
54,1064,2023-02-13,2027,6,108.01,SEK
55,1000,2023-11-12,2005,9,158.15,USD
56,1280,2023-10-05,2007,5,9.25,EUR
57,1065,2023-02-16,2034,9,139.77,SEK
58,1217,2023-02-16,2043,9,137.7,SEK
59,1487,2023-02-08,2034,7,92.32,EUR
60,1007,2023-05-05,2024,2,74.37,EUR
61,1104,2023-11-05,2047,8,56.49,DKK
62,1109,2023-04-20,2045,4,157.82,EUR
63,1245,2023-09-15,2023,4,13.84,DKK
64,1263,2023-07-21,2031,6,150.2,SEK
65,1074,2023-08-09,2040,5,46.67,DKK
66,1444,2023-01-19,2025,5,67.39,EUR
67,1146,2023-09-04,2008,5,135.21,SEK
68,1421,2023-06-14,2023,4,20.87,EUR
69,1497,2023-02-20,2041,8,73.28,EUR
70,1155,2023-07-22,2019,1,67.46,DKK
71,1183,2023-08-11,2042,2,106.68,EUR
72,1097,2023-02-13,2041,5,115.32,USD
73,1277,2023-07-02,2039,5,6.56,USD
74,1310,2023-05-05,2031,3,185.07,SEK
75,1274,2023-10-02,2011,7,34.4,EUR
76,1470,2023-07-04,2039,1,22.67,SEK
77,1378,2023-01-13,2041,8,54.59,EUR
78,1019,2023-04-21,2032,5,127.35,DKK
79,1230,2023-07-25,2004,4,55.63,EUR
80,1114,2023-06-02,2009,2,187.6,EUR
81,1374,2023-04-08,2047,7,148.61,EUR
82,1122,2023-06-01,2003,1,187.91,EUR
83,1035,2023-04-30,2024,4,125.06,USD
84,1474,2023-02-04,2005,8,-5.41,EUR
85,1188,2023-09-12,2018,4,91.66,DKK
86,1385,2023-08-03,2023,6,161.38,DKK
87,1257,2023-07-13,2019,2,93.19,DKK
88,1391,2023-01-28,2031,7,65.47,USD
89,1262,2023-09-02,2049,8,104.56,EUR
90,1231,2023-07-31,2032,5,62.68,DKK
91,1471,2023-10-22,2009,1,104.87,USD
92,1278,2023-01-31,2011,7,77.01,EUR
93,1401,2023-04-29,2000,4,76.28,DKK
94,1005,2023-07-16,2006,6,177.12,DKK
95,1230,2023-02-18,2029,2,79.96,EUR
96,1249,2023-11-07,2035,8,59.09,EUR
97,1178,2023-03-31,2034,4,103.94,DKK
98,1445,2023-04-16,2003,1,88.04,USD
99,1074,2023-05-22,2016,3,81.94,EUR
100,1002,2023-01-31,2019,8,125.11,USD
101,1418,2023-03-05,2030,3,34.99,USD
102,1013,2023-04-27,2016,1,180.66,EUR
103,1237,2023-03-17,2026,8,59.09,USD
104,1153,2023-06-04,2041,4,74.05,SEK
105,1332,2023-08-22,2004,5,106.06,DKK
106,1365,2023-08-12,2004,7,103.97,EUR
107,1428,2023-11-14,2011,8,131.89,EUR
108,1471,2023-02-25,2025,3,149.1,EUR
109,1105,2023-08-22,2031,8,153.68,DKK
110,1247,2023-01-02,2015,2,123.41,EUR
111,1403,2023-01-02,2030,5,255.57,SEK
112,1117,2023-11-04,2027,9,57.87,EUR
113,1046,2023-05-18,2009,9,149.98,EUR
114,1376,2023-06-16,2014,5,113.53,EUR
115,1161,2023-11-15,2009,5,74.63,EUR
116,1158,2023-07-29,2011,4,123.56,EUR
117,1012,2023-09-10,2045,8,93.81,EUR
118,1090,2023-10-20,2035,7,94.17,USD
119,1181,2023-08-28,2013,1,24.54,EUR
120,1005,2023-10-06,2041,8,57.06,EUR
121,1005,2023-02-16,2001,9,41.29,USD
122,1202,2023-11-11,2005,5,100.75,EUR
123,1312,2023-06-01,2004,8,41.93,EUR
124,1126,2023-04-28,2044,2,121.92,EUR
125,1237,2023-03-02,2036,3,108.78,SEK
126,1025,2023-03-12,2024,3,92.04,EUR
127,1117,2023-02-26,2040,7,0.0,USD
128,1475,2023-01-05,2001,4,112.93,USD
129,1234,2023-04-12,2034,2,94.37,USD
130,1154,2023-05-25,2014,6,168.2,DKK
131,1043,2023-12-12,2041,6,91.02,DKK
132,1469,2023-08-10,2004,7,-14.03,EUR
133,1483,2023-10-05,2018,1,98.09,EUR
134,1034,2023-07-26,2032,9,72.15,EUR
135,1373,2023-10-20,2008,3,62.91,EUR
136,1225,2023-11-17,2027,9,89.64,EUR
137,1480,2023-11-24,2042,9,194.09,EUR
138,1047,2023-10-30,2023,5,65.32,USD
139,1096,2023-09-11,2000,6,123.67,USD
140,1256,2023-07-01,2044,3,58.21,EUR
141,1095,2023-03-04,2049,7,132.08,EUR
142,1230,2023-02-14,2027,6,55.74,EUR
143,1193,2023-12-09,2037,6,11.77,EUR
144,1204,2023-07-02,2036,1,149.86,EUR
145,1184,2023-10-23,2019,3,26.52,USD
146,1088,2023-12-02,2011,4,108.81,DKK
147,1322,2023-01-28,2031,3,138.1,SEK
148,1371,2023-11-18,2012,2,92.58,USD
149,1445,2023-04-14,2027,4,107.06,EUR
150,1405,2023-09-04,2007,1,87.3,EUR
151,1254,2023-06-17,2008,4,109.81,DKK
152,1457,2023-08-29,2048,7,197.23,EUR
153,1353,2023-06-28,2049,3,87.27,USD
154,1014,2023-10-30,2046,4,105.53,EUR
155,1394,2023-12-11,2040,9,77.64,EUR
156,1167,2023-09-08,2020,5,50.35,USD
157,1311,2023-05-31,2038,2,74.15,DKK
158,1300,2023-08-16,2037,3,133.38,DKK
159,1018,2023-03-02,2009,4,92.44,DKK
160,1422,2023-05-27,2039,6,166.29,USD
161,1105,2023-09-29,2011,9,9.56,USD
162,1104,2023-05-26,2020,4,135.61,EUR
163,1243,2023-12-30,2024,1,95.27,EUR
164,1232,2023-06-27,2023,7,-5.11,USD
165,1154,2023-11-18,2024,9,83.31,DKK
166,1194,2023-11-18,2047,2,120.22,EUR
167,1235,2023-03-27,2001,1,133.48,DKK
168,1363,2023-08-23,2032,1,132.05,EUR
169,1462,2023-12-13,2017,1,0.0,SEK
170,1324,2023-10-29,2027,9,112.43,USD
171,1090,2023-06-27,2046,6,135.68,USD
172,1335,2023-07-03,2002,4,59.69,DKK
173,1253,2023-10-18,2021,2,80.52,USD
174,1295,2023-07-15,2009,8,185.12,DKK
175,1222,2023-07-17,2028,6,130.17,EUR
176,1121,2023-09-13,2023,2,44.33,EUR
177,1406,2023-12-27,2006,1,104.21,SEK
178,1048,2023-09-11,2011,6,170.22,EUR
179,1437,2023-07-03,2008,7,154.82,EUR
180,1311,2023-03-22,2034,3,79.52,USD
181,1494,2023-04-16,2038,9,91.45,SEK
182,1357,2023-12-05,2036,1,182.29,EUR
183,1380,2023-11-03,2006,2,181.02,DKK
184,1071,2023-03-24,2032,6,89.3,USD
185,1038,2023-05-11,2008,9,44.87,USD
186,1191,2023-08-29,2030,3,114.5,EUR
187,1137,2023-08-21,2032,2,119.35,USD
188,1248,2023-05-13,2018,1,96.83,DKK
189,1173,2023-09-15,2013,6,94.36,EUR
190,1377,2023-04-13,2005,6,231.02,EUR
191,1279,2023-11-24,2034,8,111.01,EUR
192,1333,2023-12-29,2034,2,105.42,SEK
193,1046,2023-04-09,2045,1,146.67,SEK
194,1471,2023-09-06,2034,5,137.38,EUR
195,1375,2023-07-22,2034,2,154.87,EUR
196,1211,2023-04-14,2011,5,130.94,EUR
197,1161,2023-08-19,2007,5,-33.1,EUR
198,1054,2023-09-23,2044,6,44.95,EUR
199,1418,2023-07-05,2036,7,103.43,DKK
200,1256,2023-10-02,2046,6,105.06,EUR
201,1365,2023-12-13,2039,5,61.75,EUR
202,1469,2023-05-13,2046,3,95.34,DKK
203,1115,2023-05-12,2000,6,98.6,USD
204,1150,2023-12-07,2025,2,201.58,EUR
205,1090,2023-10-17,2044,2,82.07,EUR
206,1315,2023-12-20,2034,1,131.27,USD
207,1244,2023-10-06,2004,1,3.17,DKK
208,1483,2023-04-07,2012,2,165.01,EUR
209,1337,2023-07-27,2018,5,31.45,DKK
210,1371,2023-09-24,2022,9,188.81,EUR
211,1179,2023-05-15,2013,8,177.77,USD
212,1070,2023-03-15,2030,5,114.65,SEK
213,1207,2023-09-25,2020,8,101.39,EUR
214,1241,2023-03-21,2032,2,98.34,EUR
215,1456,2023-12-20,2036,3,112.58,SEK
216,1434,2023-10-10,2002,6,71.77,DKK
217,1022,2023-10-20,2041,7,115.92,EUR
218,1191,2023-12-12,2028,9,115.49,EUR
219,1333,2023-12-02,2048,2,100.48,DKK
220,1494,2023-07-01,2037,6,115.8,EUR
221,1298,2023-05-14,2021,2,155.66,EUR
222,1109,2023-04-25,2007,8,231.74,EUR
223,1452,2023-09-22,2043,7,31.08,DKK
224,1005,2023-04-14,2039,7,110.42,EUR
225,1216,2023-09-14,2020,2,127.84,EUR
226,1080,2023-06-15,2018,7,114.5,DKK
227,1376,2023-03-26,2048,2,129.22,USD
228,1293,2023-08-22,2049,2,21.16,EUR
229,1069,2023-02-24,2045,4,37.73,EUR
230,1188,2023-12-02,2039,7,100.71,USD
231,1378,2023-04-15,2022,7,96.33,EUR
232,1238,2023-09-30,2031,4,186.4,EUR
233,1336,2023-07-24,2039,3,76.53,SEK
234,1232,2023-11-18,2024,8,96.13,USD
235,1240,2023-09-30,2014,3,162.89,EUR
236,1409,2023-10-04,2034,7,34.53,SEK
237,1193,2023-07-15,2020,8,139.68,EUR
238,1240,2023-06-07,2022,7,23.37,EUR
239,1142,2023-02-05,2008,9,100.79,EUR
240,1303,2023-12-15,2033,1,109.94,SEK
241,1409,2023-07-21,2041,7,45.53,EUR
242,1201,2023-08-10,2035,2,175.46,USD
243,1097,2023-11-26,2021,1,118.93,USD
244,1071,2023-06-15,2032,3,79.83,USD
245,1249,2023-01-16,2046,7,106.47,EUR
246,1043,2023-09-05,2025,1,153.73,DKK
247,1318,2023-03-05,2040,4,3.0,EUR
248,1079,2023-10-03,2035,6,144.64,DKK
249,1405,2023-09-05,2027,1,94.5,SEK
250,1373,2023-07-28,2034,6,122.48,EUR
251,1169,2023-06-02,2025,9,117.65,SEK
252,1253,2023-06-26,2013,3,-0.34,EUR
253,1155,2023-03-10,2044,9,140.32,USD
254,1060,2023-11-30,2029,9,113.31,DKK
255,1028,2023-04-08,2049,1,233.74,DKK
256,1417,2023-07-05,2029,1,155.94,EUR
257,1081,2023-02-02,2005,9,126.8,EUR
258,1415,2023-07-16,2001,8,119.03,EUR
259,1043,2023-11-30,2021,7,104.64,SEK
260,1200,2023-12-08,2042,1,119.61,DKK
261,1101,2023-07-30,2003,1,134.3,USD
262,1426,2023-12-17,2022,7,18.22,EUR
263,1319,2023-01-24,2015,9,33.58,EUR
264,1180,2023-08-26,2031,5,129.69,EUR
265,1307,2023-10-16,2019,5,81.53,SEK
266,1362,2023-06-06,2012,6,52.62,USD
267,1019,2023-07-02,2026,7,77.03,EUR
268,1496,2023-02-22,2013,1,119.23,EUR
269,1427,2023-06-24,2017,7,28.34,USD
270,1184,2023-02-06,2033,1,137.0,DKK
271,1269,2023-11-11,2030,9,76.31,EUR
272,1044,2023-04-22,2041,1,121.53,DKK
273,1283,2023-04-08,2010,5,113.23,EUR
274,1189,2023-01-04,2007,6,141.79,EUR
275,1239,2023-01-14,2010,2,119.38,EUR
276,1052,2023-11-06,2038,6,124.48,EUR
277,1089,2023-05-16,2004,7,121.94,SEK
278,1219,2023-03-23,2034,1,49.2,USD
279,1345,2023-12-26,2007,1,100.71,DKK
280,1486,2023-02-28,2010,5,115.53,EUR
281,1085,2023-02-06,2032,7,166.91,USD
282,1246,2023-06-29,2049,2,106.0,EUR
283,1032,2023-01-08,2017,7,194.32,EUR
284,1179,2023-08-22,2015,5,0.0,EUR
285,1454,2023-02-25,2009,9,82.71,USD
286,1456,2023-01-15,2049,2,108.34,EUR
287,1460,2023-11-24,2038,1,22.64,DKK
288,1023,2023-02-16,2013,4,33.42,DKK
289,1128,2023-06-26,2004,4,-5.0,EUR
290,1492,2023-12-17,2048,4,169.92,EUR
291,1004,2023-12-21,2003,2,49.18,EUR
292,1264,2023-08-11,2048,2,249.91,EUR
293,1470,2023-11-09,2049,5,81.92,EUR
294,1173,2023-12-07,2014,9,180.15,DKK
295,1092,2023-09-01,2035,5,116.75,EUR
296,1423,2023-03-18,2039,7,119.55,EUR
297,1400,2023-04-21,2039,6,92.06,DKK
298,1412,2023-10-20,2021,3,126.38,EUR
299,1363,2023-12-16,2048,9,135.55,EUR
300,1060,2023-02-23,2047,5,92.79,EUR
301,1450,2023-11-16,2044,9,77.68,DKK
302,1185,2023-08-15,2035,6,84.45,USD
303,1107,2023-04-14,2004,9,121.42,EUR
304,1345,2023-10-21,2027,6,141.32,EUR
305,1379,2023-01-19,2049,7,19.55,DKK
306,1126,2023-03-03,2031,5,208.63,EUR
307,1286,2023-09-17,2045,4,40.2,EUR
308,1173,2023-02-03,2012,7,64.98,EUR
309,1377,2023-10-16,2031,3,41.13,USD
310,1034,2023-08-24,2043,5,72.4,EUR
311,1278,2023-08-06,2000,3,230.5,EUR
312,1459,2023-06-24,2026,3,-16.84,EUR
313,1119,2023-05-11,2009,8,76.13,EUR
314,1007,2023-07-16,2049,3,80.29,EUR
315,1411,2023-12-29,2001,9,63.91,DKK
316,1241,2023-09-11,2025,1,181.44,USD
317,1395,2023-10-12,2020,6,0.0,EUR
318,1021,2023-11-06,2013,6,87.23,EUR
319,1342,2023-10-17,2039,2,61.28,USD
320,1165,2023-08-21,2031,8,146.41,EUR
321,1250,2023-11-13,2013,5,80.95,EUR
322,1105,2023-10-31,2030,1,165.0,EUR
323,1019,2023-05-07,2002,1,68.79,EUR
324,1465,2023-12-22,2031,5,122.6,EUR
325,1118,2023-03-08,2040,2,93.69,EUR
326,1083,2023-12-27,2040,8,142.42,USD
327,1491,2023-01-04,2040,4,79.18,DKK
328,1283,2023-05-24,2021,4,222.27,DKK
329,1283,2023-09-24,2014,5,116.75,SEK
330,1425,2023-03-30,2048,1,103.2,DKK
331,1100,2023-03-21,2047,8,133.6,USD
332,1218,2023-11-11,2029,4,152.48,DKK
333,1155,2023-12-01,2038,2,93.43,SEK
334,1052,2023-05-01,2034,8,62.88,EUR
335,1452,2023-04-14,2041,9,106.29,DKK
336,1273,2023-10-22,2023,6,74.89,USD
337,1058,2023-09-16,2019,9,112.9,USD
338,1231,2023-03-15,2017,6,124.21,EUR
339,1487,2023-03-02,2020,5,84.63,DKK
340,1221,2023-03-05,2007,6,101.19,DKK
341,1124,2023-02-02,2048,6,206.99,EUR
342,1052,2023-06-08,2007,1,168.52,EUR
343,1076,2023-12-01,2015,3,57.71,USD
344,1125,2023-05-24,2014,4,140.84,USD
345,1344,2023-03-21,2031,7,107.06,EUR
346,1105,2023-01-30,2026,6,103.48,SEK
347,1335,2023-10-11,2037,7,47.25,EUR
348,1277,2023-12-16,2009,4,111.63,USD
349,1176,2023-03-02,2013,6,107.03,EUR
350,1225,2023-04-29,2033,5,182.54,SEK
351,1498,2023-04-25,2037,4,42.84,DKK
352,1141,2023-02-12,2033,6,185.49,EUR
353,1115,2023-03-19,2049,6,-1.27,EUR
354,1221,2023-04-01,2002,2,187.63,EUR
355,1194,2023-05-31,2047,5,72.06,DKK
356,1011,2023-01-27,2039,7,93.38,EUR
357,1496,2023-10-25,2045,8,-20.12,EUR
358,1311,2023-07-24,2014,9,164.65,USD
359,1026,2023-09-11,2037,4,123.65,EUR
360,1227,2023-10-17,2048,6,134.25,USD
361,1412,2023-01-08,2002,8,130.44,EUR
362,1044,2023-09-02,2049,7,49.19,EUR
363,1118,2023-03-04,2021,6,67.61,EUR
364,1355,2023-05-26,2000,2,15.1,DKK
365,1277,2023-12-12,2001,9,98.76,SEK
366,1090,2023-10-14,2033,4,79.34,USD
367,1472,2023-12-30,2039,1,101.25,EUR
368,1467,2023-06-03,2034,4,59.12,EUR
369,1339,2023-08-09,2006,8,88.36,EUR
370,1429,2023-01-03,2005,2,63.12,EUR
371,1315,2023-05-25,2043,8,94.94,EUR
372,1028,2023-05-29,2000,8,94.58,DKK
373,1119,2023-11-21,2008,7,93.85,EUR
374,1349,2023-02-12,2021,7,26.43,DKK
375,1317,2023-03-17,2001,5,99.67,SEK
376,1378,2023-02-23,2030,5,108.85,EUR
377,1270,2023-06-02,2019,6,143.11,EUR
378,1152,2023-02-21,2032,6,141.74,SEK
379,1464,2023-07-17,2017,9,114.28,USD
380,1050,2023-04-20,2020,5,76.32,SEK
381,1200,2023-07-07,2024,8,142.95,USD
382,1422,2023-05-01,2006,5,101.14,EUR
383,1234,2023-12-06,2006,3,-18.12,EUR
384,1263,2023-07-31,2008,3,49.0,USD
385,1085,2023-05-21,2002,7,71.61,USD
386,1171,2023-12-07,2044,4,106.73,EUR
387,1012,2023-05-15,2014,4,124.24,DKK
388,1095,2023-08-03,2042,1,152.06,DKK
389,1191,2023-10-13,2024,8,132.9,SEK
390,1067,2023-11-04,2002,9,111.03,EUR
391,1203,2023-11-06,2049,5,74.21,EUR
392,1399,2023-12-24,2044,9,115.86,EUR
393,1295,2023-02-23,2033,3,85.6,USD
394,1371,2023-07-12,2000,2,17.96,USD
395,1389,2023-10-19,2020,2,0.0,USD
396,1232,2023-02-07,2043,1,58.71,USD
397,1148,2023-09-24,2000,4,182.68,DKK
398,1025,2023-01-18,2041,8,34.3,SEK
399,1354,2023-10-17,2005,5,103.67,EUR
400,1294,2023-11-04,2020,6,154.38,EUR
401,1206,2023-09-25,2033,8,131.0,EUR
402,1197,2023-08-20,2032,5,103.85,USD
403,1025,2023-05-07,2044,8,51.45,DKK
404,1355,2023-06-30,2016,4,98.8,USD
405,1345,2023-09-11,2008,3,33.01,EUR
406,1392,2023-09-24,2001,6,87.08,EUR
407,1330,2023-02-08,2035,3,85.99,USD
408,1087,2023-01-02,2028,5,68.21,EUR
409,1458,2023-11-22,2007,3,103.71,EUR
410,1061,2023-11-08,2042,2,59.36,SEK
411,1256,2023-05-26,2009,9,25.78,EUR
412,1494,2023-09-21,2016,2,42.11,DKK
413,1334,2023-04-13,2021,4,150.26,EUR
414,1351,2023-07-17,2033,7,114.49,USD
415,1422,2023-06-13,2015,8,171.65,EUR
416,1016,2023-09-06,2046,8,-5.0,USD
417,1449,2023-08-08,2049,4,13.81,EUR
418,1361,2023-08-05,2043,2,167.63,EUR
419,1101,2023-10-04,2010,4,119.23,EUR
420,1336,2023-06-12,2040,6,34.86,EUR
421,1460,2023-01-26,2023,3,111.08,USD
422,1295,2023-07-02,2013,7,18.76,EUR
423,1159,2023-02-24,2036,8,147.28,EUR
424,1267,2023-01-03,2010,1,153.18,EUR
425,1388,2023-02-27,2017,3,74.97,EUR
426,1446,2023-08-28,2018,9,75.86,USD
427,1332,2023-09-20,2001,2,133.29,DKK
428,1210,2023-12-25,2012,8,103.98,EUR
429,1017,2023-04-08,2029,7,93.52,EUR
430,1368,2023-06-08,2021,9,122.53,SEK
431,1409,2023-04-02,2038,1,119.32,EUR
432,1032,2023-02-16,2033,8,32.97,EUR
433,1069,2023-01-28,2025,6,123.44,SEK
434,1424,2023-08-21,2031,3,32.18,USD
435,1292,2023-08-26,2013,1,-18.52,EUR
436,1426,2023-06-11,2049,1,71.13,EUR
437,1490,2023-04-05,2046,6,121.19,EUR
438,1454,2023-03-02,2001,4,113.35,EUR
439,1228,2023-11-10,2031,4,59.99,USD
440,1005,2023-06-21,2030,1,105.06,EUR
441,1029,2023-09-13,2038,5,31.41,DKK
442,1271,2023-02-23,2003,5,29.86,EUR
443,1053,2023-11-15,2047,6,125.89,USD
444,1093,2023-10-27,2032,8,210.0,USD
445,1256,2023-01-12,2023,9,135.54,USD
446,1339,2023-06-26,2048,8,141.54,SEK
447,1100,2023-05-11,2009,6,120.66,SEK
448,1090,2023-10-02,2004,9,223.09,EUR
449,1479,2023-11-23,2018,6,34.1,EUR
450,1430,2023-02-13,2034,9,206.61,EUR
451,1310,2023-01-04,2044,1,155.48,DKK
452,1218,2023-01-31,2007,5,75.57,EUR
453,1125,2023-03-22,2012,1,89.05,EUR
454,1156,2023-11-07,2048,5,3.96,SEK
455,1225,2023-05-09,2049,7,121.26,EUR
456,1312,2023-06-08,2001,6,152.34,EUR
457,1228,2023-04-19,2012,2,107.35,EUR
458,1447,2023-10-11,2028,9,153.21,USD
459,1496,2023-12-04,2042,6,110.33,USD
460,1322,2023-02-06,2049,5,108.16,EUR
461,1132,2023-04-22,2036,8,96.16,SEK
462,1142,2023-03-28,2044,5,84.83,DKK
463,1100,2023-05-01,2007,5,195.75,DKK
464,1267,2023-11-29,2002,8,97.21,EUR
465,1346,2023-05-13,2016,6,-11.89,EUR
466,1390,2023-02-12,2025,3,83.6,DKK
467,1337,2023-05-28,2028,7,159.68,EUR
468,1183,2023-07-16,2046,2,128.28,EUR
469,1473,2023-04-07,2011,9,70.76,SEK
470,1473,2023-04-12,2032,9,68.11,USD
471,1007,2023-05-04,2023,5,97.11,USD
472,1070,2023-04-20,2023,7,83.01,EUR
473,1141,2023-05-07,2022,3,189.08,EUR
474,1100,2023-01-19,2031,4,136.65,EUR
475,1122,2023-11-23,2037,6,127.44,DKK
476,1177,2023-09-06,2019,5,125.13,USD
477,1364,2023-12-27,2047,4,43.87,EUR
478,1019,2023-01-18,2026,9,116.35,EUR
479,1117,2023-01-04,2030,5,12.5,EUR
480,1368,2023-05-03,2048,6,216.06,EUR
481,1099,2023-06-24,2030,7,206.64,USD
482,1410,2023-07-15,2048,4,197.7,EUR
483,1023,2023-07-26,2017,8,45.07,USD
484,1057,2023-12-21,2014,6,42.14,DKK
485,1003,2023-12-13,2028,3,134.55,EUR
486,1456,2023-11-08,2020,1,162.86,USD
487,1069,2023-07-09,2016,9,36.85,DKK
488,1191,2023-06-27,2027,4,50.74,EUR
489,1432,2023-10-31,2047,9,79.84,SEK
490,1481,2023-10-25,2049,8,85.17,EUR
491,1073,2023-11-23,2042,3,159.48,EUR
492,1126,2023-05-08,2010,2,161.49,USD
493,1351,2023-11-14,2019,8,69.86,EUR
494,1086,2023-01-13,2045,9,61.79,EUR
495,1130,2023-10-07,2021,7,121.12,EUR
496,1354,2023-03-17,2047,4,153.27,EUR
497,1216,2023-01-08,2026,4,75.79,EUR
498,1024,2023-01-21,2043,8,-5.92,EUR
499,1212,2023-01-28,2019,4,94.79,EUR
500,1176,2023-04-28,2044,6,160.96,EUR
501,1266,2023-08-16,2046,9,27.23,EUR
502,1081,2023-07-14,2004,4,46.42,EUR
503,1496,2023-01-26,2042,5,146.51,DKK
504,1463,2023-05-06,2020,1,77.46,USD
505,1020,2023-05-01,2007,4,86.19,DKK
506,1156,2023-07-12,2000,6,150.57,DKK
507,1272,2023-05-24,2022,6,128.29,EUR
508,1331,2023-07-05,2009,9,120.96,USD
509,1355,2023-05-25,2027,5,48.25,EUR
510,1089,2023-04-06,2010,5,94.27,EUR
511,1390,2023-03-15,2002,4,-9.83,EUR
512,1258,2023-11-08,2021,7,88.32,USD
513,1324,2023-08-06,2039,3,168.95,EUR
514,1060,2023-05-30,2034,5,69.89,DKK
515,1100,2023-03-25,2009,4,136.75,EUR
516,1084,2023-03-16,2044,8,51.2,DKK
517,1355,2023-08-28,2020,4,31.79,EUR
518,1016,2023-07-23,2021,9,163.74,DKK
519,1385,2023-04-14,2013,4,168.88,SEK
520,1246,2023-08-03,2036,7,47.52,EUR
521,1341,2023-06-04,2001,7,6.83,EUR
522,1326,2023-08-08,2009,5,106.73,EUR
523,1240,2023-08-05,2007,1,127.83,USD
524,1463,2023-09-21,2034,4,119.6,EUR
525,1485,2023-11-04,2025,5,84.26,USD
526,1496,2023-06-02,2003,2,67.1,DKK
527,1161,2023-11-16,2003,7,137.96,EUR
528,1349,2023-03-07,2034,1,25.84,EUR
529,1322,2023-06-10,2016,6,124.4,EUR
530,1324,2023-12-07,2021,2,17.57,SEK
531,1056,2023-11-01,2003,9,115.71,EUR
532,1033,2023-08-25,2026,8,60.27,EUR
533,1207,2023-09-29,2016,6,123.81,EUR
534,1491,2023-02-17,2031,4,14.44,EUR
535,1299,2023-10-27,2023,2,126.88,EUR
536,1119,2023-03-16,2012,6,104.6,EUR
537,1347,2023-02-19,2047,3,58.02,EUR
538,1175,2023-05-29,2049,2,55.54,EUR
539,1187,2023-12-02,2044,7,43.6,EUR
540,1309,2023-08-09,2026,3,91.65,EUR
541,1364,2023-04-17,2044,5,31.43,DKK
542,1264,2023-12-27,2027,2,134.38,EUR
543,1057,2023-12-09,2042,3,57.22,DKK
544,1118,2023-03-29,2037,9,85.36,EUR
545,1238,2023-09-08,2016,8,102.12,EUR
546,1219,2023-09-16,2044,3,116.15,EUR
547,1012,2023-09-17,2041,8,69.91,USD
548,1397,2023-12-06,2022,6,137.94,USD
549,1060,2023-06-09,2016,8,30.06,EUR
550,1245,2023-05-21,2004,1,81.22,DKK
551,1118,2023-02-22,2023,5,45.7,DKK
552,1232,2023-09-15,2014,9,122.87,USD
553,1068,2023-09-03,2041,9,97.39,EUR
554,1470,2023-02-27,2007,5,98.28,EUR
555,1099,2023-11-29,2036,7,109.8,EUR
556,1174,2023-06-02,2010,1,88.46,DKK
557,1168,2023-02-16,2047,5,70.74,DKK
558,1322,2023-04-18,2030,3,121.42,USD
559,1312,2023-04-20,2014,9,13.19,USD
560,1219,2023-05-18,2011,2,80.99,EUR
561,1497,2023-05-24,2011,8,175.31,EUR
562,1267,2023-04-15,2011,6,58.67,USD
563,1017,2023-10-11,2046,9,181.9,USD
564,1022,2023-10-12,2003,4,36.77,DKK
565,1000,2023-07-04,2012,3,94.32,SEK
566,1372,2023-07-25,2007,6,134.6,DKK
567,1466,2023-08-19,2016,7,3.42,DKK
568,1015,2023-10-19,2034,7,118.75,EUR
569,1193,2023-02-03,2001,1,69.04,EUR
570,1023,2023-05-15,2021,5,82.29,DKK
571,1434,2023-02-03,2022,7,208.49,DKK
572,1158,2023-05-01,2009,2,94.18,DKK
573,1144,2023-08-22,2036,5,93.65,EUR
574,1409,2023-04-29,2000,9,90.3,EUR
575,1379,2023-08-11,2013,9,35.42,DKK
576,1358,2023-03-31,2037,4,59.15,EUR
577,1273,2023-02-11,2002,5,40.53,EUR
578,1043,2023-09-15,2001,6,122.87,USD
579,1476,2023-12-08,2007,8,54.03,EUR
580,1068,2023-11-20,2047,8,127.14,EUR
581,1129,2023-01-12,2013,7,113.21,EUR
582,1028,2023-03-07,2017,6,76.75,DKK
583,1310,2023-07-30,2013,8,128.63,EUR
584,1002,2023-01-14,2039,9,185.74,EUR
585,1057,2023-07-06,2003,1,117.62,DKK
586,1051,2023-01-22,2036,3,84.87,EUR
587,1377,2023-11-14,2033,5,46.26,DKK
588,1083,2023-01-16,2028,9,-5.19,DKK
589,1094,2023-09-02,2037,6,78.64,EUR
590,1273,2023-06-28,2039,6,-12.92,DKK
591,1481,2023-07-16,2019,8,128.67,USD
592,1134,2023-10-08,2028,7,29.37,EUR
593,1291,2023-06-09,2033,9,56.35,USD
594,1372,2023-05-05,2002,7,59.98,EUR
595,1040,2023-05-09,2046,3,102.37,EUR
596,1249,2023-05-28,2030,4,164.8,EUR
597,1091,2023-04-13,2015,2,65.34,EUR
598,1122,2023-11-22,2028,6,56.23,DKK
599,1443,2023-09-05,2041,3,127.32,DKK
600,1358,2023-12-01,2031,8,51.29,DKK
601,1433,2023-03-26,2020,5,0.0,EUR
602,1072,2023-02-01,2003,8,108.94,EUR
603,1090,2023-12-22,2006,4,146.03,DKK
604,1388,2023-04-03,2038,7,199.66,DKK
605,1366,2023-06-15,2008,5,39.98,EUR
606,1047,2023-12-26,2042,7,56.27,EUR
607,1413,2023-10-14,2029,1,109.79,USD
608,1308,2023-10-18,2042,9,88.09,EUR
609,1181,2023-08-28,2039,3,32.87,EUR
610,1202,2023-11-28,2033,2,144.22,EUR
611,1101,2023-03-18,2022,5,113.88,EUR
612,1044,2023-10-21,2039,5,42.02,USD
613,1156,2023-08-15,2033,7,139.96,EUR
614,1111,2023-06-02,2042,5,-44.54,EUR
615,1364,2023-03-09,2022,6,100.3,EUR
616,1421,2023-07-11,2042,8,137.49,USD
617,1319,2023-02-09,2041,2,197.94,EUR
618,1312,2023-09-14,2001,5,143.04,EUR
619,1440,2023-09-08,2032,9,30.65,USD
620,1007,2023-09-14,2021,5,90.4,EUR
621,1478,2023-01-03,2003,7,112.2,DKK
622,1001,2023-07-24,2017,8,219.93,SEK
623,1117,2023-12-06,2039,1,130.87,DKK
624,1423,2023-01-03,2041,7,84.45,SEK
625,1237,2023-11-10,2038,3,144.31,EUR
626,1014,2023-12-20,2029,1,54.93,EUR
627,1345,2023-05-03,2022,6,60.5,EUR
628,1321,2023-05-07,2012,8,125.73,USD
629,1399,2023-12-25,2046,2,93.6,EUR
630,1149,2023-01-20,2035,2,131.13,EUR
631,1292,2023-09-02,2013,8,44.47,EUR
632,1271,2023-08-21,2011,1,152.83,EUR
633,1214,2023-10-19,2038,3,-8.84,EUR
634,1128,2023-07-21,2022,4,107.6,EUR
635,1292,2023-03-29,2015,6,28.33,EUR
636,1087,2023-08-10,2048,8,86.91,EUR
637,1435,2023-07-28,2022,5,128.85,EUR
638,1095,2023-10-15,2014,3,-13.56,EUR
639,1142,2023-03-01,2034,5,155.19,EUR
640,1089,2023-02-07,2042,8,109.26,EUR
641,1021,2023-03-02,2028,6,161.18,USD
642,1428,2023-11-29,2010,4,48.0,DKK
643,1207,2023-11-07,2019,8,127.0,USD
644,1114,2023-09-29,2000,8,59.46,DKK
645,1114,2023-02-18,2020,9,59.81,EUR
646,1174,2023-03-30,2035,6,13.35,SEK
647,1221,2023-03-02,2030,3,8.17,EUR
648,1436,2023-07-30,2043,2,62.88,DKK
649,1411,2023-02-21,2010,8,150.77,DKK
650,1452,2023-11-30,2039,5,115.69,USD
651,1224,2023-06-06,2044,4,74.67,EUR
652,1138,2023-06-06,2032,8,55.19,DKK
653,1055,2023-05-13,2009,1,-13.52,EUR
654,1059,2023-09-12,2017,4,133.59,EUR
655,1295,2023-12-01,2042,1,78.47,DKK
656,1448,2023-09-26,2034,4,34.88,EUR
657,1311,2023-01-27,2018,1,72.79,EUR
658,1156,2023-10-29,2033,9,117.47,USD
659,1120,2023-02-13,2045,9,26.18,DKK
660,1355,2023-06-26,2019,7,87.1,EUR
661,1299,2023-01-05,2038,5,109.06,DKK
662,1372,2023-08-18,2004,7,160.57,SEK
663,1308,2023-07-07,2025,9,91.64,EUR
664,1025,2023-07-20,2038,5,20.19,DKK
665,1479,2023-03-25,2029,7,118.82,DKK
666,1044,2023-06-16,2002,1,33.36,SEK
667,1177,2023-02-06,2019,6,62.07,USD
668,1498,2023-03-15,2027,1,135.6,EUR
669,1412,2023-04-25,2034,1,123.99,DKK
670,1461,2023-06-10,2022,3,93.21,USD
671,1012,2023-04-02,2034,6,76.07,DKK
672,1467,2023-05-29,2012,2,-5.0,USD
673,1082,2023-04-02,2013,8,68.73,EUR
674,1279,2023-03-19,2045,3,53.34,EUR
675,1029,2023-01-02,2034,6,127.61,USD
676,1247,2023-01-12,2011,5,190.12,EUR
677,1483,2023-05-07,2004,4,58.78,SEK
678,1020,2023-07-03,2032,6,158.05,EUR
679,1080,2023-12-26,2039,5,151.0,USD
680,1046,2023-08-04,2003,4,87.32,DKK
681,1098,2023-08-08,2036,9,110.42,EUR
682,1029,2023-12-03,2033,4,113.52,EUR
683,1018,2023-04-02,2010,8,140.29,DKK
684,1023,2023-07-25,2024,5,124.92,DKK
685,1151,2023-11-08,2046,2,-5.0,EUR
686,1053,2023-05-22,2038,4,8.98,EUR
687,1273,2023-04-10,2011,5,131.73,EUR
688,1094,2023-01-01,2046,5,150.55,DKK
689,1281,2023-08-05,2049,3,21.83,EUR
690,1397,2023-02-01,2011,6,79.16,USD
691,1177,2023-10-24,2015,1,32.76,USD
692,1210,2023-04-02,2019,4,121.35,USD
693,1306,2023-10-09,2042,1,118.53,EUR
694,1323,2023-06-07,2045,8,105.32,SEK
695,1123,2023-08-14,2020,9,94.98,USD
696,1387,2023-03-04,2003,7,107.31,EUR
697,1331,2023-09-04,2049,5,126.86,DKK
698,1253,2023-11-13,2017,7,140.97,EUR
699,1083,2023-12-12,2021,7,88.83,DKK
700,1151,2023-01-09,2019,4,81.16,EUR
701,1267,2023-08-30,2001,2,79.23,USD
702,1029,2023-08-04,2048,6,141.94,DKK
703,1369,2023-06-13,2010,9,15.27,USD
704,1340,2023-09-11,2024,4,82.38,EUR
705,1073,2023-06-13,2001,1,60.45,USD
706,1415,2023-04-24,2000,3,33.58,EUR
707,1402,2023-04-07,2016,3,156.44,EUR
708,1044,2023-07-26,2038,9,130.47,USD
709,1484,2023-09-15,2002,7,125.02,EUR
710,1286,2023-10-08,2001,8,153.65,EUR
711,1000,2023-10-29,2037,2,153.23,SEK
712,1183,2023-10-14,2002,1,50.49,EUR
713,1376,2023-03-25,2005,7,137.75,EUR
714,1476,2023-03-07,2018,7,80.8,USD
715,1323,2023-05-18,2042,3,178.05,EUR
716,1252,2023-09-23,2001,7,116.96,USD
717,1227,2023-05-29,2026,4,88.16,EUR
718,1427,2023-11-30,2047,6,158.05,EUR
719,1397,2023-03-15,2013,1,63.7,USD
720,1166,2023-02-04,2042,2,76.23,SEK
721,1195,2023-09-16,2024,1,183.95,DKK
722,1462,2023-05-07,2042,6,58.55,EUR
723,1284,2023-09-02,2013,8,-18.75,SEK
724,1443,2023-11-17,2006,8,154.36,EUR
725,1061,2023-01-16,2025,9,136.14,EUR
726,1467,2023-03-24,2049,2,34.74,EUR
727,1310,2023-10-11,2025,8,161.07,EUR
728,1165,2023-03-11,2037,2,114.24,USD
729,1324,2023-12-14,2026,8,95.83,DKK
730,1152,2023-11-30,2013,4,58.43,EUR
731,1281,2023-11-05,2033,5,140.71,EUR
732,1216,2023-09-12,2044,6,96.96,EUR
733,1122,2023-06-17,2013,3,26.58,SEK
734,1313,2023-05-16,2035,4,19.01,DKK
735,1198,2023-02-12,2028,4,152.11,EUR
736,1361,2023-12-10,2040,7,28.95,SEK
737,1107,2023-01-01,2010,5,98.41,EUR
738,1465,2023-11-02,2048,9,170.78,EUR
739,1238,2023-08-22,2010,3,114.32,DKK
740,1322,2023-07-26,2017,7,62.31,EUR
741,1113,2023-10-01,2029,9,91.78,SEK
742,1261,2023-10-25,2002,6,122.81,EUR
743,1051,2023-09-22,2008,8,30.51,EUR
744,1318,2023-08-04,2041,3,134.07,DKK
745,1484,2023-04-19,2036,5,149.17,DKK
746,1144,2023-07-30,2001,9,141.5,EUR
747,1385,2023-01-24,2014,4,0.0,USD
748,1442,2023-04-19,2034,1,26.34,USD
749,1092,2023-09-25,2033,8,87.59,DKK
750,1386,2023-08-10,2003,4,118.67,EUR
751,1128,2023-04-14,2038,9,115.28,EUR
752,1450,2023-01-07,2025,3,177.53,DKK
753,1269,2023-04-06,2010,2,74.79,EUR
754,1368,2023-09-27,2049,1,130.36,EUR
755,1260,2023-01-28,2034,2,70.91,DKK
756,1337,2023-10-21,2018,8,-45.49,EUR
757,1060,2023-10-15,2041,6,191.59,DKK
758,1285,2023-03-08,2017,8,78.83,EUR
759,1056,2023-08-26,2033,4,61.11,USD
760,1335,2023-04-21,2012,2,103.93,USD
761,1182,2023-02-24,2003,8,69.69,EUR
762,1438,2023-03-22,2015,3,160.31,DKK
763,1437,2023-09-25,2015,6,83.24,EUR
764,1220,2023-01-11,2027,9,78.98,EUR
765,1456,2023-02-10,2006,2,154.52,DKK
766,1265,2023-05-05,2002,6,131.39,EUR
767,1215,2023-10-13,2048,5,129.44,SEK
768,1130,2023-06-06,2036,4,157.07,EUR
769,1447,2023-11-26,2044,3,163.07,EUR
770,1428,2023-10-17,2038,1,117.93,EUR
771,1324,2023-10-27,2013,4,76.51,SEK
772,1163,2023-10-20,2023,2,79.69,USD
773,1311,2023-12-17,2039,4,209.25,DKK
774,1467,2023-07-29,2027,6,58.76,DKK
775,1192,2023-08-12,2045,4,96.92,EUR
776,1030,2023-03-26,2029,9,50.95,EUR
777,1258,2023-11-16,2028,1,7.03,EUR
778,1208,2023-09-30,2045,3,183.3,USD
779,1289,2023-02-23,2042,4,115.4,EUR
780,1065,2023-01-27,2046,8,-6.6,EUR
781,1430,2023-08-12,2015,5,39.88,USD
782,1413,2023-10-06,2032,4,84.52,USD
783,1141,2023-12-06,2002,2,132.49,EUR
784,1073,2023-04-23,2009,4,135.57,USD
785,1298,2023-03-23,2005,9,151.11,USD
786,1142,2023-12-26,2006,2,104.88,USD
787,1034,2023-11-14,2042,1,13.01,USD
788,1340,2023-04-13,2022,5,109.41,
789,1488,2023-12-11,2048,3,-4.99,SEK
790,1101,2023-04-22,2013,7,149.74,DKK
791,1347,2023-12-19,2040,2,142.45,EUR
792,1300,2023-11-16,2001,8,136.75,EUR
793,1012,2023-08-21,2025,9,86.84,SEK
794,1385,2023-04-06,2030,5,68.9,SEK
795,1146,2023-08-26,2004,7,74.62,SEK
796,1069,2023-11-24,2042,4,95.93,EUR
797,1100,2023-12-14,2035,6,57.64,EUR
798,1471,2023-01-08,2010,6,88.24,EUR
799,1387,2023-12-18,2031,8,17.9,USD
800,1435,2023-12-23,2012,7,120.56,EUR
801,1326,2023-05-16,2010,9,117.49,USD
802,1490,2023-11-04,2014,4,137.76,DKK
803,1007,2023-10-03,2031,8,84.95,EUR
804,1103,2023-05-30,2014,8,106.84,USD
805,1156,2023-11-26,2015,1,48.11,USD
806,1292,2023-10-29,2042,9,70.32,DKK
807,1396,2023-03-11,2027,4,46.67,EUR
808,1100,2023-11-26,2001,2,101.28,USD
809,1218,2023-08-27,2005,9,100.99,EUR
810,1067,2023-11-11,2028,6,-0.13,DKK
811,1131,2023-12-13,2023,9,155.51,EUR
812,1215,2023-03-13,2000,7,52.83,SEK
813,1350,2023-11-04,2005,9,112.97,DKK
814,1476,2023-01-12,2013,5,162.84,EUR
815,1194,2023-04-22,2012,2,181.14,EUR
816,1331,2023-06-12,2039,9,60.23,EUR
817,1054,2023-08-11,2031,2,79.69,EUR
818,1153,2023-12-24,2007,4,97.8,SEK
819,1194,2023-12-05,2032,9,77.29,EUR
820,1068,2023-06-22,2031,2,14.42,DKK
821,1162,2023-08-24,2036,5,191.83,SEK
822,1432,2023-06-01,2008,6,46.13,EUR
823,1268,2023-01-11,2049,8,64.73,DKK
824,1361,2023-05-18,2048,8,130.49,DKK
825,1371,2023-02-16,2005,6,91.33,DKK
826,1433,2023-08-10,2019,9,155.53,EUR
827,1446,2023-12-10,2020,4,4.72,EUR
828,1316,2023-11-16,2028,3,103.74,EUR
829,1004,2023-04-21,2025,3,84.05,EUR
830,1182,2023-11-03,2003,3,0.0,DKK
831,1029,2023-01-07,2039,4,166.05,
832,1074,2023-01-06,2015,1,144.43,DKK
833,1302,2023-10-19,2002,5,147.32,DKK
834,1119,2023-05-23,2043,5,134.96,SEK
835,1026,2023-04-18,2011,9,147.81,EUR
836,1048,2023-01-16,2001,4,166.62,USD
837,1191,2023-01-22,2009,5,105.09,EUR
838,1152,2023-05-08,2017,2,131.44,EUR
839,1298,2023-10-14,2042,1,71.84,EUR
840,1099,2023-02-15,2003,1,131.41,USD
841,1014,2023-11-19,2040,2,35.37,USD
842,1048,2023-02-18,2014,8,-8.17,EUR
843,1263,2023-11-18,2014,5,134.33,DKK
844,1448,2023-09-14,2007,5,111.81,EUR
845,1302,2023-07-11,2001,6,58.19,USD
846,1477,2023-04-18,2039,7,148.09,SEK
847,1021,2023-12-06,2038,5,191.21,DKK
848,1165,2023-04-20,2020,1,202.87,EUR
849,1303,2023-02-24,2029,9,130.05,EUR
850,1403,2023-08-10,2005,5,118.39,SEK
851,1326,2023-12-02,2017,8,94.44,DKK
852,1262,2023-06-17,2030,9,10.51,USD
853,1214,2023-08-19,2000,1,128.69,EUR
854,1406,2023-03-21,2014,6,69.96,SEK
855,1365,2023-10-23,2032,2,-10.74,USD
856,1380,2023-02-23,2049,4,98.41,USD
857,1216,2023-09-10,2003,9,122.37,EUR
858,1143,2023-01-20,2008,6,106.39,EUR
859,1300,2023-03-16,2002,6,102.83,USD
860,1266,2023-12-18,2016,1,58.92,SEK
861,1140,2023-10-30,2001,1,114.54,EUR
862,1033,2023-06-30,2047,7,76.97,USD
863,1448,2023-06-04,2036,3,120.67,EUR
864,1197,2023-07-04,2023,5,22.49,EUR
865,1000,2023-06-22,2003,7,79.42,DKK
866,1307,2023-07-08,2006,9,117.72,USD
867,1383,2023-07-09,2008,4,141.7,EUR
868,1164,2023-09-22,2033,9,139.48,EUR
869,1079,2023-06-21,2030,9,29.95,EUR
870,1262,2023-12-20,2043,7,0.0,EUR
871,1211,2023-10-22,2034,7,23.64,EUR
872,1128,2023-04-01,2022,3,172.43,USD
873,1064,2023-12-31,2003,5,162.5,DKK
874,1449,2023-01-03,2022,5,146.57,EUR
875,1351,2023-12-29,2025,3,140.26,EUR
876,1182,2023-07-14,2039,9,201.31,DKK
877,1330,2023-05-01,2021,7,138.94,EUR
878,1380,2023-09-16,2010,5,53.98,DKK
879,1064,2023-05-06,2003,2,123.59,USD
880,1005,2023-06-07,2003,3,74.14,USD
881,1334,2023-08-30,2041,4,88.69,USD
882,1289,2023-04-04,2021,3,98.32,EUR
883,1169,2023-02-25,2035,5,64.82,EUR
884,1197,2023-07-12,2006,6,158.52,EUR
885,1328,2023-09-16,2014,9,137.25,USD
886,1275,2023-09-29,2021,6,67.12,EUR
887,1011,2023-03-08,2011,3,125.94,SEK
888,1016,2023-06-15,2000,4,165.47,USD
889,1155,2023-11-10,2010,1,59.72,EUR
890,1313,2023-12-20,2012,9,42.0,USD
891,1156,2023-10-17,2028,6,168.52,EUR
892,1485,2023-08-07,2017,2,182.95,EUR
893,1155,2023-03-31,2039,8,92.16,EUR
894,1304,2023-07-08,2003,4,41.16,EUR
895,1026,2023-09-28,2039,9,155.78,DKK
896,1227,2023-02-01,2040,8,80.37,USD
897,1420,2023-02-10,2031,3,175.43,EUR
898,1084,2023-07-20,2001,8,52.1,USD
899,1474,2023-12-01,2027,8,106.9,USD
900,1411,2023-02-03,2008,6,103.39,EUR
901,1000,2023-02-24,2037,1,143.52,EUR
902,1424,2023-01-26,2006,3,79.44,EUR
903,1229,2023-03-31,2035,4,124.01,EUR
904,1283,2023-10-24,2009,4,137.56,EUR
905,1115,2023-05-22,2040,9,142.97,USD
906,1092,2023-11-12,2016,4,69.21,EUR
907,1309,2023-02-01,2037,9,33.05,EUR
908,1447,2023-07-01,2048,2,77.88,DKK
909,1296,2023-04-10,2037,9,121.59,EUR
910,1278,2023-04-06,2034,5,135.98,EUR
911,1290,2023-03-17,2049,1,-9.94,EUR
912,1243,2023-03-30,2032,6,133.72,EUR
913,1010,2023-11-05,2048,8,172.71,USD
914,1483,2023-09-20,2023,8,112.14,USD
915,1467,2023-06-17,2034,9,126.89,SEK
916,1378,2023-01-04,2028,7,119.13,USD
917,1321,2023-08-18,2040,6,79.9,USD
918,1309,2023-08-18,2006,6,95.98,EUR
919,1417,2023-04-27,2023,5,106.65,EUR
920,1032,2023-06-13,2006,6,50.8,DKK
921,1169,2023-04-20,2028,4,112.69,USD
922,1320,2023-12-04,2005,4,64.17,DKK
923,1164,2023-11-16,2048,7,229.44,EUR
924,1012,2023-10-03,2028,6,37.91,EUR
925,1441,2023-04-11,2018,5,127.88,SEK
926,1064,2023-05-19,2048,1,48.84,SEK
927,1035,2023-05-13,2002,3,62.6,DKK
928,1015,2023-08-27,2028,4,98.86,DKK
929,1021,2023-03-13,2040,6,155.52,USD
930,1118,2023-02-15,2003,2,183.03,EUR
931,1079,2023-01-26,2033,7,36.72,USD
932,1224,2023-01-24,2037,5,167.03,DKK
933,1418,2023-11-17,2015,7,82.75,DKK
934,1403,2023-10-04,2011,1,53.4,DKK
935,1410,2023-04-24,2040,7,118.45,DKK
936,1106,2023-08-11,2012,5,56.01,EUR
937,1089,2023-12-16,2012,5,160.06,USD
938,1497,2023-05-02,2029,1,175.9,EUR
939,1212,2023-06-09,2010,1,199.3,EUR
940,1172,2023-09-10,2042,8,114.36,EUR
941,1444,2023-03-02,2012,2,127.55,USD
942,1090,2023-11-18,2049,2,116.27,EUR
943,1161,2023-05-06,2016,4,89.38,EUR
944,1485,2023-03-15,2005,3,77.25,EUR
945,1292,2023-01-06,2006,3,75.35,USD
946,1241,2023-06-30,2018,2,134.47,EUR
947,1128,2023-05-11,2027,8,56.34,EUR
948,1137,2023-02-08,2014,7,97.58,EUR
949,1445,2023-07-12,2011,6,82.93,DKK
950,1323,2023-04-18,2012,1,41.85,EUR
951,1441,2023-12-08,2012,1,108.98,USD
952,1311,2023-04-10,2036,3,233.23,USD
953,1419,2023-02-13,2029,8,131.48,SEK
954,1274,2023-07-21,2041,3,100.68,EUR
955,1243,2023-04-27,2026,9,44.35,SEK
956,1253,2023-10-28,2045,3,70.14,USD
957,1235,2023-01-10,2016,2,182.89,SEK
958,1338,2023-01-24,2003,5,-4.14,EUR
959,1302,2023-05-31,2012,4,86.42,EUR
960,1239,2023-04-25,2011,6,160.71,USD
961,1191,2023-12-29,2026,7,108.81,SEK
962,1438,2023-02-06,2041,6,104.36,USD
963,1065,2023-10-07,2045,2,55.43,EUR
964,1294,2023-01-30,2014,5,169.51,EUR
965,1273,2023-06-01,2004,9,91.77,USD
966,1188,2023-05-30,2015,9,120.28,EUR
967,1112,2023-12-28,2029,6,14.89,SEK
968,1100,2023-04-03,2013,8,144.54,DKK
969,1211,2023-08-26,2041,7,175.57,DKK
970,1172,2023-11-11,2003,1,146.55,EUR
971,1234,2023-07-27,2004,4,83.93,EUR
972,1106,2023-06-26,2005,1,114.69,SEK
973,1312,2023-03-20,2017,9,112.53,EUR
974,1149,2023-04-19,2005,8,104.82,SEK
975,1297,2023-08-31,2018,2,172.13,DKK
976,1224,2023-07-05,2013,2,90.99,EUR
977,1253,2023-03-07,2026,9,40.2,EUR
978,1203,2023-04-23,2001,9,63.84,USD
979,1280,2023-03-03,2048,8,154.41,EUR
980,1072,2023-10-20,2018,5,161.2,EUR
981,1307,2023-01-03,2025,5,11.89,DKK
982,1200,2023-01-14,2021,1,79.15,EUR
983,1288,2023-08-25,2048,2,148.69,EUR
984,1156,2023-08-14,2022,4,87.1,EUR
985,1392,2023-09-26,2011,9,221.24,DKK
986,1192,2023-01-08,2046,7,64.29,DKK
987,1286,2023-06-03,2027,1,28.08,EUR
988,1415,2023-06-02,2009,8,120.89,EUR
989,1418,2023-07-30,2026,2,80.6,EUR
990,1225,2023-07-09,2037,9,116.16,EUR
991,1386,2023-11-24,2013,8,97.07,SEK
992,1444,2023-02-11,2012,7,126.83,EUR
993,1196,2023-08-23,2027,6,43.19,EUR
994,1238,2023-10-17,2002,9,73.18,EUR
995,1375,2023-03-11,2040,4,28.76,EUR
996,1440,2023-06-12,2007,3,84.7,EUR
997,1061,2023-07-24,2017,5,42.81,EUR
998,1437,2023-10-12,2022,1,142.54,EUR
999,1285,2023-05-22,2047,7,221.8,DKK
1000,1023,2023-04-13,2042,1,107.73,SEK
1001,1101,2023-07-17,2010,6,99.65,USD
1002,1070,2023-06-24,2024,4,68.82,DKK
1003,1082,2023-09-20,2004,5,159.76,EUR
1004,1011,2023-02-22,2004,7,152.47,DKK
1005,1176,2023-06-16,2044,8,163.61,SEK
1006,1218,2023-08-31,2007,8,132.34,DKK
1007,1274,2023-02-23,2020,1,76.24,DKK
1008,1157,2023-02-26,2025,6,158.01,SEK
1009,1058,2023-07-31,2021,2,78.47,EUR
1010,1001,2023-07-27,2036,3,94.04,USD
1011,1026,2023-06-17,2008,9,169.91,USD
1012,1243,2023-08-27,2003,8,157.64,DKK
1013,1477,2023-03-18,2035,6,166.77,EUR
1014,1473,2023-06-03,2010,2,124.37,EUR
1015,1012,2023-09-04,2017,7,103.7,DKK
1016,1237,2023-10-29,2029,2,96.83,EUR
1017,1023,2023-10-18,2036,3,95.13,USD
1018,1141,2023-12-28,2030,7,106.03,EUR
1019,1218,2023-12-28,2004,7,114.05,EUR
1020,1387,2023-10-06,2039,4,58.86,USD
1021,1155,2023-12-29,2031,7,78.48,USD
1022,1179,2023-02-28,2043,9,133.17,SEK
1023,1104,2023-03-30,2023,5,145.24,DKK
1024,1172,2023-02-23,2020,9,85.28,SEK
1025,1188,2023-08-26,2013,9,80.89,USD
1026,1215,2023-03-29,2033,1,109.57,SEK
1027,1277,2023-05-19,2024,7,76.89,EUR
1028,1486,2023-05-13,2023,1,104.8,EUR
1029,1440,2023-04-04,2048,8,20.14,EUR
1030,1103,2023-09-04,2009,8,121.74,EUR
1031,1089,2023-10-23,2044,3,49.53,EUR
1032,1083,2023-12-02,2022,2,90.49,USD
1033,1081,2023-04-24,2005,4,19.31,DKK
1034,1475,2023-08-18,2043,2,54.03,EUR
1035,1130,2023-09-04,2008,1,136.03,EUR
1036,1103,2023-12-30,2028,4,81.07,USD
1037,1051,2023-03-19,2039,8,171.4,EUR
1038,1003,2023-10-09,2010,6,87.14,SEK
1039,1129,2023-10-11,2032,2,119.99,EUR
1040,1293,2023-06-04,2038,1,108.12,EUR
1041,1189,2023-09-30,2025,4,90.81,EUR
1042,1185,2023-01-09,2047,9,33.73,DKK
1043,1489,2023-05-05,2008,9,-29.17,EUR
1044,1302,2023-11-25,2049,7,149.39,EUR
1045,1388,2023-11-04,2001,2,9.41,SEK
1046,1498,2023-09-23,2033,2,119.81,SEK
1047,1383,2023-09-24,2000,7,116.57,DKK
1048,1050,2023-03-10,2007,8,149.3,
1049,1193,2023-06-05,2042,9,111.34,EUR
1050,1300,2023-03-09,2028,6,100.55,DKK
1051,1334,2023-09-30,2023,6,90.04,DKK
1052,1262,2023-05-28,2006,8,65.63,EUR
1053,1132,2023-07-27,2039,9,119.16,DKK
1054,1179,2023-04-21,2031,4,148.52,SEK
1055,1306,2023-04-07,2026,8,101.92,USD
1056,1033,2023-06-18,2034,4,140.69,DKK
1057,1208,2023-10-27,2014,1,40.34,EUR
1058,1230,2023-10-03,2024,5,89.66,DKK
1059,1484,2023-01-18,2017,1,78.86,EUR
1060,1039,2023-05-17,2026,3,74.95,DKK
1061,1208,2023-06-30,2030,6,153.94,EUR
1062,1029,2023-04-13,2043,5,114.16,USD
1063,1014,2023-12-14,2006,5,164.07,EUR
1064,1166,2023-02-16,2017,8,117.74,EUR
1065,1489,2023-12-01,2037,4,107.61,EUR
1066,1403,2023-07-13,2035,2,123.73,USD
1067,1148,2023-04-06,2010,3,35.68,EUR
1068,1418,2023-04-13,2003,7,108.66,USD
1069,1280,2023-05-06,2038,9,86.62,DKK
1070,1131,2023-02-16,2039,6,57.34,EUR
1071,1381,2023-03-05,2014,2,106.82,USD
1072,1484,2023-04-08,2012,1,59.85,EUR
1073,1205,2023-12-28,2030,5,151.9,SEK
1074,1151,2023-03-09,2005,8,36.78,EUR
1075,1191,2023-03-03,2031,4,198.59,EUR
1076,1402,2023-09-08,2004,5,78.94,USD
1077,1146,2023-01-05,2033,5,171.01,EUR
1078,1369,2023-06-20,2002,3,154.13,SEK
1079,1087,2023-05-15,2024,2,177.55,USD
1080,1317,2023-03-23,2028,8,97.67,USD
1081,1328,2023-11-18,2021,1,109.16,EUR
1082,1225,2023-12-20,2027,1,-5.0,EUR
1083,1054,2023-05-27,2044,4,134.18,EUR
1084,1283,2023-11-01,2002,9,109.06,SEK
1085,1277,2023-04-01,2003,2,115.56,USD
1086,1079,2023-07-17,2041,6,149.55,USD
1087,1044,2023-03-30,2015,5,159.24,USD
1088,1049,2023-10-14,2010,8,128.61,USD
1089,1492,2023-01-31,2045,7,107.11,EUR
1090,1148,2023-11-04,2040,2,70.64,EUR
1091,1101,2023-04-06,2044,8,14.83,EUR
1092,1425,2023-03-23,2018,7,171.67,EUR
1093,1313,2023-09-14,2044,1,119.67,EUR
1094,1454,2023-10-16,2010,2,56.54,EUR
1095,1117,2023-05-12,2037,3,70.66,DKK
1096,1188,2023-08-02,2041,2,47.53,EUR
1097,1166,2023-08-06,2019,6,141.57,EUR
1098,1409,2023-01-30,2041,8,126.6,DKK
1099,1430,2023-01-23,2048,5,83.79,USD
1100,1264,2023-01-28,2017,9,148.63,EUR
1101,1391,2023-02-06,2042,9,129.92,EUR
1102,1075,2023-10-03,2020,9,92.19,DKK
1103,1189,2023-03-15,2031,3,100.73,EUR
1104,1147,2023-04-23,2024,8,103.98,USD
1105,1176,2023-12-31,2030,9,103.04,EUR
1106,1225,2023-11-10,2031,6,122.72,EUR
1107,1381,2023-04-25,2046,1,80.31,EUR
1108,1093,2023-09-10,2009,4,166.9,EUR
1109,1322,2023-08-21,2006,6,116.03,EUR
1110,1315,2023-12-02,2001,8,193.36,EUR
1111,1130,2023-08-14,2011,9,101.23,EUR
1112,1487,2023-07-19,2042,5,87.76,USD
1113,1426,2023-11-17,2035,5,67.58,EUR
1114,1272,2023-12-13,2043,4,-13.02,EUR
1115,1009,2023-02-28,2027,5,118.11,DKK
1116,1284,2023-01-06,2017,1,215.55,EUR
1117,1311,2023-03-07,2024,4,103.12,EUR
1118,1096,2023-09-09,2033,1,62.96,DKK
1119,1375,2023-07-18,2027,3,112.95,EUR
1120,1430,2023-05-11,2038,6,156.73,DKK
1121,1351,2023-11-26,2035,3,133.5,EUR
1122,1124,2023-06-26,2025,4,38.88,USD
1123,1049,2023-09-01,2015,4,65.54,EUR
1124,1345,2023-07-20,2041,1,41.08,EUR
1125,1295,2023-10-26,2042,8,162.25,EUR
1126,1049,2023-08-26,2016,4,139.46,EUR
1127,1376,2023-04-14,2035,2,131.0,USD
1128,1438,2023-02-27,2041,5,87.83,USD
1129,1374,2023-09-02,2007,2,6.04,DKK
1130,1215,2023-07-01,2001,9,172.51,DKK
1131,1435,2023-04-16,2045,5,134.82,USD
1132,1058,2023-09-15,2035,2,150.2,EUR
1133,1478,2023-03-09,2004,5,57.96,USD
1134,1157,2023-03-04,2042,6,84.8,EUR
1135,1421,2023-04-03,2047,6,166.08,EUR
1136,1441,2023-01-23,2025,7,80.71,EUR
1137,1388,2023-11-27,2006,4,163.29,DKK
1138,1438,2023-10-29,2021,3,68.4,USD
1139,1219,2023-07-09,2012,4,100.95,USD
1140,1409,2023-04-28,2027,9,144.53,EUR
1141,1361,2023-12-14,2047,3,109.31,EUR
1142,1373,2023-03-29,2017,7,96.68,DKK
1143,1236,2023-11-02,2015,4,60.43,USD
1144,1129,2023-04-11,2047,2,135.68,EUR
1145,1281,2023-02-14,2028,4,113.91,EUR
1146,1185,2023-12-07,2002,8,113.54,EUR
1147,1259,2023-04-14,2007,2,134.44,USD
1148,1454,2023-08-21,2024,6,105.95,EUR
1149,1388,2023-08-06,2022,6,-53.73,EUR
1150,1436,2023-12-06,2026,5,-16.41,DKK
1151,1148,2023-06-01,2030,9,122.27,EUR
1152,1200,2023-10-19,2042,5,123.2,EUR
1153,1180,2023-02-26,2004,7,84.64,EUR
1154,1326,2023-11-14,2023,8,90.43,USD
1155,1406,2023-06-08,2023,7,106.57,EUR
1156,1181,2023-02-02,2040,4,178.92,DKK
1157,1186,2023-01-07,2026,5,1.54,EUR
1158,1008,2023-02-10,2025,9,102.57,USD
1159,1329,2023-06-09,2044,4,82.71,EUR
1160,1459,2023-11-25,2040,4,-5.0,EUR
1161,1134,2023-06-30,2029,4,52.95,USD
1162,1043,2023-09-19,2044,7,85.26,EUR
1163,1364,2023-06-07,2024,6,161.72,DKK
1164,1284,2023-10-11,2023,7,156.58,DKK
1165,1437,2023-02-21,2034,9,213.16,DKK
1166,1252,2023-07-13,2005,5,190.12,EUR
1167,1308,2023-06-14,2032,9,91.59,EUR
1168,1054,2023-04-11,2026,4,150.04,EUR
1169,1198,2023-07-16,2026,1,109.12,EUR
1170,1027,2023-06-11,2030,5,69.5,DKK
1171,1480,2023-12-01,2007,5,83.68,USD
1172,1024,2023-12-16,2020,2,185.58,EUR
1173,1106,2023-08-20,2000,5,70.66,DKK
1174,1211,2023-11-04,2007,8,196.54,DKK
1175,1136,2023-10-05,2041,7,107.99,EUR
1176,1202,2023-05-11,2043,6,106.07,DKK
1177,1227,2023-08-02,2008,5,86.03,EUR
1178,1287,2023-07-06,2026,4,-14.17,SEK
1179,1062,2023-02-28,2016,1,83.61,USD
1180,1091,2023-08-17,2045,7,98.59,EUR
1181,1082,2023-08-14,2009,1,37.36,USD
1182,1239,2023-07-07,2036,4,157.32,DKK
1183,1266,2023-02-02,2021,2,114.77,DKK
1184,1357,2023-05-17,2046,2,76.79,EUR
1185,1083,2023-05-01,2047,4,111.18,USD
1186,1164,2023-07-27,2003,5,74.99,SEK
1187,1293,2023-09-04,2014,5,35.25,USD
1188,1183,2023-08-02,2033,2,100.26,EUR
1189,1494,2023-09-29,2001,9,83.51,EUR
1190,1402,2023-06-06,2004,3,59.74,USD
1191,1440,2023-01-24,2008,7,-0.84,EUR
1192,1093,2023-02-07,2005,1,214.6,EUR
1193,1416,2023-07-25,2008,8,71.87,EUR
1194,1330,2023-08-30,2006,6,65.9,DKK
1195,1400,2023-06-26,2047,7,157.35,SEK
1196,1047,2023-11-06,2035,1,44.64,EUR
1197,1123,2023-03-23,2022,8,63.27,EUR
1198,1132,2023-03-05,2041,2,124.52,EUR
1199,1025,2023-03-22,2026,1,86.19,EUR
1200,1417,2023-08-19,2036,4,28.52,EUR
1201,1034,2023-10-11,2010,6,170.66,DKK
1202,1339,2023-05-23,2032,9,84.06,EUR
1203,1451,2023-08-21,2000,7,149.81,DKK
1204,1092,2023-06-29,2040,8,158.29,EUR
1205,1289,2023-12-11,2025,5,114.12,DKK
1206,1196,2023-08-21,2004,5,76.03,EUR
1207,1138,2023-12-15,2027,5,62.29,EUR
1208,1485,2023-03-22,2023,7,50.72,USD
1209,1323,2023-09-13,2018,7,153.91,EUR
1210,1457,2023-05-02,2010,5,137.52,EUR
1211,1007,2023-04-11,2029,3,202.6,EUR
1212,1381,2023-07-23,2012,2,124.27,EUR
1213,1432,2023-11-04,2003,6,159.22,USD
1214,1432,2023-09-29,2017,5,74.18,EUR
1215,1109,2023-10-04,2020,9,180.65,EUR
1216,1024,2023-04-13,2014,1,122.93,EUR
1217,1157,2023-06-15,2010,5,83.41,
1218,1298,2023-06-07,2008,9,142.04,EUR
1219,1492,2023-10-23,2017,8,94.18,USD
1220,1056,2023-03-31,2039,3,191.75,EUR
1221,1497,2023-02-18,2012,1,11.28,USD
1222,1057,2023-04-26,2026,5,40.54,USD
1223,1034,2023-10-02,2009,3,151.87,SEK
1224,1203,2023-05-14,2026,4,-23.93,USD
1225,1156,2023-11-08,2028,9,124.88,EUR
1226,1176,2023-06-20,2002,2,70.1,EUR
1227,1120,2023-05-09,2023,2,102.11,EUR
1228,1048,2023-01-15,2005,5,116.76,EUR
1229,1421,2023-09-22,2043,3,-11.06,DKK
1230,1057,2023-05-11,2033,3,193.41,EUR
1231,1312,2023-10-21,2048,4,33.73,DKK
1232,1358,2023-10-12,2044,1,212.75,EUR
1233,1212,2023-12-19,2047,5,120.9,SEK
1234,1441,2023-04-23,2047,6,155.52,USD
1235,1030,2023-09-17,2048,7,56.12,SEK
1236,1257,2023-11-04,2042,9,70.15,EUR
1237,1024,2023-05-04,2014,7,100.66,USD
1238,1119,2023-04-28,2009,7,100.74,USD
1239,1401,2023-09-26,2033,4,127.01,USD
1240,1265,2023-09-22,2007,6,138.22,DKK
1241,1474,2023-04-11,2021,8,114.38,USD
1242,1423,2023-10-31,2048,5,177.25,USD
1243,1280,2023-12-12,2027,8,105.37,
1244,1472,2023-10-11,2035,1,13.11,EUR
1245,1283,2023-12-20,2004,3,127.07,DKK
1246,1030,2023-12-19,2001,6,3.1,DKK
1247,1258,2023-12-14,2018,2,144.95,USD
1248,1200,2023-09-18,2001,3,38.85,EUR
1249,1073,2023-03-08,2003,8,93.63,DKK
1250,1054,2023-11-20,2022,1,72.56,EUR
1251,1456,2023-09-09,2045,3,113.71,EUR
1252,1214,2023-03-14,2001,8,130.66,USD
1253,1075,2023-12-09,2019,2,120.07,SEK
1254,1261,2023-12-31,2003,6,213.69,DKK
1255,1135,2023-09-22,2017,8,125.56,DKK
1256,1403,2023-11-19,2014,2,125.77,EUR
1257,1497,2023-12-15,2032,1,122.17,EUR
1258,1080,2023-02-20,2029,8,8.11,EUR
1259,1227,2023-08-06,2043,2,26.72,EUR
1260,1255,2023-07-01,2023,1,49.54,DKK
1261,1296,2023-02-27,2000,2,37.73,EUR
1262,1239,2023-08-28,2025,8,165.98,EUR
1263,1445,2023-11-24,2042,1,68.81,EUR
1264,1402,2023-09-12,2025,2,118.08,EUR
1265,1395,2023-11-12,2046,4,93.55,EUR
1266,1490,2023-01-23,2037,6,144.69,EUR
1267,1078,2023-04-01,2015,3,161.01,EUR
1268,1138,2023-07-25,2021,2,123.79,DKK
1269,1480,2023-05-24,2000,4,10.47,EUR
1270,1140,2023-06-01,2040,3,51.98,USD
1271,1384,2023-05-21,2003,8,155.3,EUR
1272,1152,2023-01-18,2026,8,83.37,SEK
1273,1338,2023-09-03,2042,1,110.03,DKK
1274,1175,2023-06-03,2018,3,91.25,SEK
1275,1302,2023-10-16,2035,5,161.63,EUR
1276,1173,2023-10-14,2049,9,205.07,EUR
1277,1060,2023-11-28,2036,7,56.92,EUR
1278,1134,2023-11-01,2032,8,110.85,DKK
1279,1371,2023-05-31,2006,2,152.7,SEK
1280,1152,2023-12-26,2006,6,166.57,EUR
1281,1098,2023-04-15,2028,2,-5.0,EUR
1282,1389,2023-04-23,2045,8,38.47,DKK
1283,1292,2023-11-18,2046,4,37.05,SEK
1284,1187,2023-01-14,2030,2,145.07,SEK
1285,1322,2023-11-14,2033,7,44.87,DKK
1286,1070,2023-09-05,2009,5,97.1,EUR
1287,1038,2023-05-02,2042,1,152.03,SEK
1288,1068,2023-08-11,2046,4,127.45,EUR
1289,1464,2023-10-21,2027,3,151.16,EUR
1290,1082,2023-02-24,2026,8,121.44,EUR
1291,1074,2023-01-26,2000,5,72.96,EUR
1292,1408,2023-08-27,2027,9,166.84,EUR
1293,1189,2023-01-20,2021,5,58.52,EUR
1294,1090,2023-07-21,2040,9,137.48,SEK
1295,1103,2023-10-23,2008,3,103.22,USD
1296,1358,2023-06-12,2027,1,53.8,USD
1297,1414,2023-06-26,2030,1,152.83,EUR
1298,1245,2023-04-25,2041,3,143.64,EUR
1299,1169,2023-03-10,2042,1,156.16,EUR
1300,1050,2023-08-16,2049,8,8.56,SEK
1301,1171,2023-05-19,2007,4,90.62,USD
1302,1311,2023-05-04,2047,7,124.56,EUR
1303,1016,2023-12-17,2022,2,43.05,EUR
1304,1249,2023-02-06,2006,2,84.93,USD
1305,1224,2023-10-06,2037,8,127.08,DKK
1306,1326,2023-10-27,2044,8,178.91,USD
1307,1469,2023-06-16,2020,6,8.52,DKK
1308,1220,2023-01-25,2018,6,25.47,USD
1309,1348,2023-11-18,2036,7,104.09,EUR
1310,1463,2023-11-25,2013,4,184.7,EUR
1311,1413,2023-08-12,2031,1,66.16,EUR
1312,1470,2023-04-07,2006,7,128.38,DKK
1313,1302,2023-05-02,2017,1,85.22,EUR
1314,1375,2023-09-30,2039,4,42.75,EUR
1315,1397,2023-07-08,2025,6,97.68,USD
1316,1298,2023-08-20,2010,4,142.16,EUR
1317,1267,2023-12-01,2024,7,136.34,EUR
1318,1168,2023-01-22,2033,2,199.34,USD
1319,1197,2023-04-03,2030,5,25.93,EUR
1320,1400,2023-05-25,2032,9,122.24,EUR
1321,1427,2023-12-04,2000,1,188.52,USD
1322,1109,2023-08-17,2016,7,177.72,DKK
1323,1357,2023-10-16,2003,7,115.53,EUR
1324,1098,2023-10-31,2043,5,80.16,USD
1325,1363,2023-10-07,2027,4,-33.92,USD
1326,1140,2023-03-14,2042,5,93.77,EUR
1327,1020,2023-05-07,2040,1,47.97,EUR
1328,1120,2023-11-29,2008,2,152.21,EUR
1329,1168,2023-07-11,2007,9,106.77,EUR
1330,1197,2023-05-13,2005,4,140.49,DKK
1331,1128,2023-01-07,2001,8,210.67,USD
1332,1055,2023-10-04,2032,9,107.48,EUR
1333,1371,2023-03-03,2049,1,-3.73,DKK
1334,1260,2023-02-08,2017,5,99.82,EUR
1335,1056,2023-01-20,2047,1,72.15,EUR
1336,1416,2023-05-25,2022,8,99.41,EUR
1337,1426,2023-08-05,2010,9,64.16,USD
1338,1114,2023-11-06,2048,9,70.77,EUR
1339,1053,2023-04-19,2036,9,97.29,USD
1340,1175,2023-07-11,2012,5,47.46,EUR
1341,1175,2023-04-26,2003,9,170.05,USD
1342,1492,2023-10-06,2019,6,176.68,EUR
1343,1421,2023-09-28,2037,4,51.16,SEK
1344,1285,2023-01-08,2026,5,90.06,USD
1345,1344,2023-02-14,2029,9,112.7,EUR
1346,1244,2023-02-15,2015,9,103.16,DKK
1347,1182,2023-01-03,2012,4,194.35,EUR
1348,1207,2023-02-13,2030,2,127.43,USD
1349,1424,2023-08-23,2037,2,96.96,USD
1350,1240,2023-09-25,2015,2,-2.13,EUR
1351,1400,2023-11-21,2001,5,60.52,SEK
1352,1463,2023-11-12,2030,6,40.51,DKK
1353,1119,2023-09-20,2026,3,168.53,EUR
1354,1093,2023-08-26,2042,5,62.19,DKK
1355,1216,2023-06-04,2033,5,133.05,EUR
1356,1295,2023-04-05,2041,5,129.08,EUR
1357,1406,2023-08-01,2023,3,114.46,USD
1358,1363,2023-06-04,2011,8,39.1,EUR
1359,1173,2023-10-20,2021,2,145.84,SEK
1360,1351,2023-03-23,2012,5,102.88,EUR
1361,1434,2023-04-08,2002,2,39.31,EUR
1362,1081,2023-10-18,2023,4,66.05,USD
1363,1363,2023-05-17,2004,4,77.05,USD
1364,1366,2023-06-24,2002,9,103.27,EUR
1365,1173,2023-09-28,2024,6,72.23,EUR
1366,1481,2023-12-23,2029,3,67.44,EUR
1367,1414,2023-12-26,2005,5,98.73,EUR
1368,1247,2023-05-31,2021,1,142.25,EUR
1369,1183,2023-09-15,2042,1,52.48,USD
1370,1198,2023-05-26,2018,8,79.52,DKK
1371,1354,2023-10-07,2038,4,117.18,SEK
1372,1493,2023-12-14,2011,8,77.97,EUR
1373,1141,2023-02-16,2021,6,204.61,EUR
1374,1376,2023-09-25,2016,2,111.49,USD
1375,1154,2023-07-05,2018,5,89.14,USD
1376,1393,2023-03-27,2027,1,82.33,EUR
1377,1221,2023-07-02,2039,9,134.67,EUR
1378,1077,2023-07-25,2013,1,105.71,DKK
1379,1075,2023-05-25,2012,6,121.15,EUR
1380,1103,2023-03-07,2035,1,43.75,EUR
1381,1398,2023-12-27,2043,7,126.68,EUR
1382,1442,2023-05-15,2044,1,88.47,USD
1383,1167,2023-03-12,2035,1,58.29,EUR
1384,1167,2023-04-24,2016,8,-51.12,EUR
1385,1365,2023-11-28,2031,4,17.43,USD
1386,1204,2023-01-31,2009,9,98.68,USD
1387,1230,2023-04-24,2037,7,174.79,EUR
1388,1072,2023-03-03,2038,9,70.6,EUR
1389,1418,2023-09-06,2026,9,124.22,EUR
1390,1199,2023-08-22,2002,2,84.2,EUR
1391,1186,2023-09-04,2040,8,130.07,EUR
1392,1191,2023-08-27,2015,6,38.79,USD
1393,1222,2023-02-17,2016,8,11.93,USD
1394,1010,2023-08-15,2016,5,26.31,EUR
1395,1281,2023-10-12,2002,3,81.57,EUR
1396,1268,2023-02-27,2008,8,-5.17,EUR
1397,1376,2023-04-25,2040,1,26.4,USD
1398,1468,2023-09-19,2032,1,199.16,EUR
1399,1447,2023-06-12,2037,4,143.66,USD
1400,1194,2023-03-01,2039,3,87.63,DKK
1401,1271,2023-05-15,2030,1,60.59,EUR
1402,1285,2023-01-30,2011,5,113.38,EUR
1403,1278,2023-11-08,2012,3,139.51,EUR
1404,1321,2023-09-27,2017,6,65.33,USD
1405,1256,2023-05-09,2004,8,3.93,SEK
1406,1123,2023-09-22,2027,7,85.31,USD
1407,1136,2023-09-14,2013,3,109.75,DKK
1408,1002,2023-04-09,2047,3,93.03,DKK
1409,1190,2023-08-21,2013,9,150.92,EUR
1410,1409,2023-09-09,2043,4,142.48,DKK
1411,1136,2023-11-20,2023,9,156.4,USD
1412,1371,2023-04-24,2034,1,130.11,EUR
1413,1381,2023-11-15,2002,5,109.08,DKK
1414,1319,2023-06-25,2021,9,120.93,DKK
1415,1223,2023-04-06,2028,5,40.1,SEK
1416,1460,2023-01-25,2029,7,94.66,DKK
1417,1454,2023-01-02,2004,2,41.45,EUR
1418,1382,2023-08-08,2021,9,46.5,EUR
1419,1287,2023-01-09,2041,7,139.01,USD
1420,1155,2023-04-08,2024,6,76.86,EUR
1421,1206,2023-11-27,2012,7,87.1,EUR
1422,1125,2023-06-23,2043,6,127.51,EUR
1423,1130,2023-03-23,2031,9,38.02,DKK
1424,1286,2023-12-15,2033,2,100.34,EUR
1425,1474,2023-07-05,2024,1,116.13,USD
1426,1002,2023-05-05,2011,9,217.92,EUR
1427,1053,2023-08-03,2014,5,27.94,SEK
1428,1117,2023-12-12,2024,3,-24.06,USD
1429,1029,2023-01-02,2037,7,134.85,EUR
1430,1041,2023-12-29,2042,2,146.25,DKK
1431,1473,2023-06-07,2023,5,51.18,EUR
1432,1363,2023-05-09,2007,9,137.95,EUR
1433,1321,2023-07-10,2028,2,101.76,EUR
1434,1472,2023-12-04,2005,8,32.85,EUR
1435,1216,2023-01-14,2016,1,138.76,USD
1436,1115,2023-07-05,2041,7,128.26,EUR
1437,1314,2023-07-01,2048,8,77.51,EUR
1438,1358,2023-09-03,2020,3,97.59,SEK
1439,1048,2023-04-26,2027,5,141.97,EUR
1440,1143,2023-09-21,2023,5,160.55,EUR
1441,1402,2023-12-24,2033,3,52.98,DKK
1442,1092,2023-01-26,2041,9,127.4,DKK
1443,1357,2023-06-27,2046,7,102.14,EUR
1444,1171,2023-10-09,2013,8,76.35,EUR
1445,1180,2023-04-14,2032,6,107.17,EUR
1446,1012,2023-04-29,2013,6,100.36,DKK
1447,1038,2023-02-17,2030,5,157.32,EUR
1448,1391,2023-01-12,2024,5,100.64,USD
1449,1486,2023-01-16,2016,4,110.87,DKK
1450,1312,2023-05-10,2031,1,35.45,EUR
1451,1216,2023-10-31,2044,2,64.21,EUR
1452,1281,2023-01-15,2030,4,64.98,EUR
1453,1437,2023-11-03,2023,3,22.15,USD
1454,1419,2023-06-23,2039,5,106.52,EUR
1455,1481,2023-09-01,2031,9,134.75,EUR
1456,1172,2023-05-18,2019,4,109.22,DKK
1457,1265,2023-05-01,2036,1,85.33,EUR
1458,1397,2023-12-14,2030,4,106.62,SEK
1459,1227,2023-10-16,2000,1,38.38,EUR
1460,1372,2023-09-14,2036,9,13.54,DKK
1461,1123,2023-10-30,2048,7,57.38,EUR
1462,1268,2023-11-07,2015,8,94.23,SEK
1463,1245,2023-01-07,2019,2,39.1,EUR
1464,1249,2023-12-26,2039,2,83.26,EUR
1465,1440,2023-09-07,2014,3,88.15,DKK
1466,1280,2023-10-25,2023,8,114.51,DKK
1467,1480,2023-08-19,2028,7,92.04,EUR
1468,1331,2023-12-27,2003,7,127.2,DKK
1469,1007,2023-11-08,2012,8,73.95,EUR
1470,1026,2023-01-21,2017,7,127.53,USD
1471,1142,2023-01-21,2008,8,57.87,SEK
1472,1117,2023-10-17,2022,1,164.14,DKK
1473,1220,2023-11-07,2030,3,142.33,DKK
1474,1430,2023-03-14,2005,9,161.12,DKK
1475,1363,2023-03-22,2022,9,126.65,DKK
1476,1356,2023-07-28,2022,6,76.84,DKK
1477,1200,2023-08-12,2020,9,146.81,USD
1478,1465,2023-08-06,2009,2,91.93,EUR
1479,1256,2023-08-15,2014,1,8.03,DKK
1480,1476,2023-11-17,2031,3,85.93,EUR
1481,1164,2023-11-07,2010,1,153.19,EUR
1482,1034,2023-04-27,2034,9,72.31,EUR
1483,1113,2023-04-15,2041,8,37.26,EUR
1484,1055,2023-07-03,2037,5,156.6,DKK
1485,1033,2023-06-30,2013,5,86.45,EUR
1486,1261,2023-09-29,2041,6,68.65,EUR
1487,1134,2023-04-26,2010,8,54.1,USD
1488,1285,2023-09-01,2046,2,167.78,USD
1489,1412,2023-01-24,2024,9,78.46,DKK
1490,1165,2023-05-14,2016,6,200.55,EUR
1491,1478,2023-12-23,2026,2,53.24,EUR
1492,1358,2023-05-01,2009,9,214.52,EUR
1493,1462,2023-05-07,2026,8,106.9,SEK
1494,1301,2023-06-16,2032,6,97.57,USD
1495,1096,2023-10-16,2009,6,136.2,EUR
1496,1090,2023-08-16,2043,4,177.97,EUR
1497,1204,2023-12-03,2017,3,55.3,EUR
1498,1090,2023-04-15,2026,6,30.39,DKK
1499,1436,2023-02-04,2028,4,126.08,USD
1500,1393,2023-05-28,2014,5,96.75,USD
1501,1055,2023-02-21,2048,6,140.68,EUR
1502,1471,2023-05-25,2013,8,69.82,EUR
1503,1164,2023-03-27,2024,1,125.4,DKK
1504,1364,2023-05-14,2044,3,1.52,USD
1505,1483,2023-07-06,2008,3,92.66,USD
1506,1147,2023-04-16,2043,4,71.69,EUR
1507,1207,2023-08-15,2024,1,207.18,USD
1508,1003,2023-11-03,2043,9,121.77,EUR
1509,1060,2023-12-07,2032,7,126.4,EUR
1510,1289,2023-06-03,2048,1,113.22,SEK
1511,1065,2023-07-26,2005,3,0.0,DKK
1512,1284,2023-06-07,2024,3,130.62,EUR
1513,1080,2023-10-11,2037,8,130.8,SEK
1514,1357,2023-04-18,2020,6,34.72,EUR
1515,1029,2023-12-02,2048,9,70.56,EUR
1516,1257,2023-12-12,2009,5,61.99,SEK
1517,1298,2023-07-24,2042,4,129.91,SEK
1518,1489,2023-11-08,2042,9,209.1,DKK
1519,1059,2023-05-13,2040,4,120.18,EUR
1520,1083,2023-02-25,2027,9,31.8,DKK
1521,1031,2023-11-10,2000,5,53.11,SEK
1522,1330,2023-11-15,2005,6,151.12,USD
1523,1034,2023-07-29,2033,8,128.74,EUR
1524,1077,2023-06-13,2039,4,38.35,USD
1525,1148,2023-05-26,2030,7,165.45,EUR
1526,1004,2023-03-01,2015,3,71.78,USD
1527,1175,2023-08-29,2024,7,84.11,EUR
1528,1474,2023-11-29,2029,6,81.73,SEK
1529,1264,2023-05-08,2022,7,-3.78,DKK
1530,1122,2023-10-06,2044,4,168.61,EUR
1531,1394,2023-02-18,2034,4,79.72,EUR
1532,1040,2023-07-06,2003,7,120.69,USD
1533,1286,2023-06-08,2024,5,32.02,EUR
1534,1431,2023-07-23,2020,6,151.29,EUR
1535,1029,2023-08-31,2019,2,-5.0,DKK
1536,1092,2023-02-05,2040,5,-15.19,EUR
1537,1421,2023-03-08,2012,5,9.47,EUR
1538,1330,2023-02-22,2009,2,99.12,DKK
1539,1496,2023-12-26,2036,4,50.43,SEK
1540,1307,2023-05-17,2014,6,171.22,EUR
1541,1435,2023-03-15,2033,2,16.7,USD
1542,1173,2023-10-01,2004,6,163.72,DKK
1543,1221,2023-04-04,2032,5,135.57,DKK
1544,1038,2023-10-08,2010,6,36.88,USD
1545,1337,2023-04-19,2008,2,76.03,EUR
1546,1496,2023-06-30,2032,2,100.12,EUR
1547,1013,2023-09-16,2032,2,177.71,EUR
1548,1000,2023-09-11,2048,6,153.87,DKK
1549,1048,2023-01-21,2028,6,95.72,EUR
1550,1360,2023-07-30,2040,6,104.95,USD
1551,1098,2023-02-06,2005,6,82.31,EUR
1552,1206,2023-01-19,2007,4,139.89,DKK
1553,1441,2023-05-04,2006,7,201.74,USD
1554,1329,2023-10-02,2016,9,91.3,EUR
1555,1294,2023-09-10,2005,1,49.79,EUR
1556,1274,2023-09-20,2011,9,71.64,DKK
1557,1242,2023-06-10,2039,7,116.5,EUR
1558,1390,2023-05-13,2024,2,50.75,USD
1559,1093,2023-11-05,2041,8,68.56,USD
1560,1002,2023-03-27,2039,6,225.46,DKK
1561,1192,2023-05-07,2013,8,43.7,DKK
1562,1183,2023-12-24,2005,2,171.06,SEK
1563,1473,2023-06-30,2024,6,97.2,EUR
1564,1023,2023-05-07,2019,8,111.18,EUR
1565,1157,2023-11-18,2038,4,125.81,DKK
1566,1150,2023-08-30,2005,2,128.96,EUR
1567,1187,2023-03-26,2021,8,94.18,USD
1568,1457,2023-04-08,2045,8,83.24,USD
1569,1205,2023-05-05,2002,3,112.55,DKK
1570,1458,2023-08-22,2012,3,106.7,EUR
1571,1025,2023-10-19,2019,3,55.11,USD
1572,1243,2023-01-07,2048,6,130.81,DKK
1573,1366,2023-10-09,2020,9,79.43,EUR
1574,1232,2023-01-28,2045,7,70.45,DKK
1575,1458,2023-10-03,2007,2,44.71,EUR
1576,1492,2023-10-31,2045,6,0.05,SEK
1577,1234,2023-11-02,2033,9,-39.7,EUR
1578,1187,2023-12-14,2006,8,12.21,EUR
1579,1182,2023-12-12,2045,8,116.16,EUR
1580,1186,2023-07-15,2041,4,113.54,USD
1581,1172,2023-07-12,2038,4,138.07,USD
1582,1402,2023-03-19,2002,9,25.0,EUR
1583,1129,2023-11-18,2008,4,113.83,EUR
1584,1265,2023-06-19,2017,5,132.42,DKK
1585,1175,2023-06-21,2028,7,30.7,USD
1586,1054,2023-02-13,2017,3,75.36,EUR
1587,1128,2023-05-11,2048,2,142.65,SEK
1588,1204,2023-01-07,2038,2,33.82,EUR
1589,1442,2023-02-21,2043,5,78.41,EUR
1590,1042,2023-11-26,2008,6,31.82,EUR
1591,1374,2023-09-11,2031,4,24.99,EUR
1592,1252,2023-04-14,2034,8,68.46,EUR
1593,1382,2023-09-09,2005,1,-28.76,EUR
1594,1010,2023-09-08,2049,5,57.3,USD
1595,1103,2023-06-30,2042,1,0.0,DKK
1596,1209,2023-10-22,2024,9,139.17,EUR
1597,1443,2023-02-22,2021,8,110.31,EUR
1598,1057,2023-08-30,2016,9,-43.08,EUR
1599,1406,2023-10-10,2019,9,132.62,EUR
1600,1000,2023-05-01,2035,4,143.86,SEK
1601,1433,2023-03-27,2034,8,16.81,EUR
1602,1354,2023-04-23,2018,3,113.38,DKK
1603,1071,2023-06-05,2028,9,24.27,EUR
1604,1093,2023-01-31,2034,1,161.58,SEK
1605,1306,2023-05-06,2042,2,116.77,DKK
1606,1085,2023-09-25,2020,6,92.89,EUR
1607,1333,2023-04-17,2037,7,86.96,EUR
1608,1036,2023-11-03,2025,6,37.4,EUR
1609,1203,2023-11-15,2028,5,50.31,USD
1610,1381,2023-12-01,2033,6,98.43,
1611,1317,2023-01-26,2041,1,3.78,EUR
1612,1272,2023-06-03,2026,3,57.96,EUR
1613,1393,2023-01-28,2022,8,121.1,USD
1614,1380,2023-11-15,2014,1,69.39,EUR
1615,1354,2023-02-10,2036,2,52.98,DKK
1616,1102,2023-11-16,2004,6,59.72,EUR
1617,1230,2023-07-22,2044,9,113.18,SEK
1618,1028,2023-12-04,2044,4,86.09,EUR
1619,1369,2023-06-07,2035,2,147.95,USD
1620,1327,2023-12-01,2034,6,157.18,DKK
1621,1353,2023-10-04,2016,3,37.99,DKK
1622,1328,2023-07-05,2002,4,69.67,EUR
1623,1283,2023-08-08,2033,3,63.21,EUR
1624,1211,2023-07-26,2048,4,63.79,EUR
1625,1383,2023-07-10,2007,6,122.83,EUR
1626,1022,2023-07-23,2006,2,56.08,EUR
1627,1475,2023-07-12,2021,6,-5.95,USD
1628,1416,2023-05-18,2030,7,49.25,DKK
1629,1352,2023-03-30,2015,2,213.78,DKK
1630,1336,2023-12-17,2037,1,153.17,USD
1631,1036,2023-05-08,2026,2,7.5,EUR
1632,1311,2023-01-19,2037,2,196.59,EUR
1633,1066,2023-09-03,2036,2,156.08,EUR
1634,1181,2023-04-17,2047,8,62.1,EUR
1635,1266,2023-10-19,2027,6,83.92,EUR
1636,1312,2023-12-26,2038,4,198.34,DKK
1637,1067,2023-09-06,2024,2,91.22,DKK
1638,1283,2023-01-12,2026,3,109.26,EUR
1639,1433,2023-06-30,2015,6,100.21,EUR
1640,1403,2023-03-13,2037,7,111.62,USD
1641,1040,2023-08-25,2011,7,-0.55,DKK
1642,1190,2023-09-26,2027,9,138.91,EUR
1643,1274,2023-06-11,2010,8,124.41,USD
1644,1347,2023-04-16,2022,9,35.92,EUR
1645,1114,2023-04-04,2001,5,117.68,EUR
1646,1007,2023-03-16,2006,5,192.08,EUR
1647,1390,2023-11-28,2042,6,50.47,USD
1648,1399,2023-08-31,2040,2,92.19,EUR
1649,1304,2023-08-26,2005,9,124.17,EUR
1650,1111,2023-04-29,2033,4,114.3,EUR
1651,1373,2023-02-22,2035,1,-24.32,DKK
1652,1387,2023-02-27,2002,4,145.41,EUR
1653,1448,2023-05-10,2037,2,194.94,EUR
1654,1260,2023-07-25,2016,2,39.04,DKK
1655,1029,2023-06-30,2015,8,129.34,USD
1656,1466,2023-11-27,2032,8,154.53,EUR
1657,1037,2023-11-07,2013,7,143.04,EUR
1658,1420,2023-12-11,2011,8,72.13,EUR
1659,1203,2023-12-17,2001,7,59.89,USD
1660,1499,2023-09-09,2005,8,48.98,DKK
1661,1014,2023-09-24,2032,9,120.44,EUR
1662,1254,2023-03-11,2047,4,149.32,USD
1663,1155,2023-03-23,2048,2,106.05,EUR
1664,1346,2023-07-17,2035,9,176.83,DKK
1665,1086,2023-12-30,2030,3,58.83,DKK
1666,1141,2023-06-11,2003,2,165.31,EUR
1667,1088,2023-01-08,2019,7,104.87,USD
1668,1280,2023-04-27,2041,2,108.96,SEK
1669,1211,2023-03-17,2038,9,120.98,USD
1670,1146,2023-01-17,2035,8,73.16,EUR
1671,1447,2023-02-09,2013,7,56.45,DKK
1672,1398,2023-05-10,2009,6,80.97,DKK
1673,1377,2023-12-06,2041,9,212.46,EUR
1674,1413,2023-02-20,2045,5,148.52,DKK
1675,1496,2023-01-19,2018,2,101.57,USD
1676,1238,2023-01-09,2013,3,63.18,EUR
1677,1179,2023-05-27,2038,1,142.07,EUR
1678,1023,2023-12-22,2017,4,0.0,DKK
1679,1497,2023-01-08,2006,7,0.0,SEK
1680,1069,2023-12-30,2033,4,105.33,EUR
1681,1242,2023-09-08,2031,5,54.47,USD
1682,1488,2023-02-22,2018,9,74.65,DKK
1683,1240,2023-04-15,2010,8,160.66,EUR
1684,1479,2023-07-02,2035,1,143.27,EUR
1685,1051,2023-10-11,2046,4,148.8,USD
1686,1436,2023-09-23,2041,8,76.12,EUR
1687,1033,2023-06-01,2046,8,66.74,DKK
1688,1420,2023-04-25,2035,2,97.02,DKK
1689,1468,2023-11-25,2002,7,84.33,EUR
1690,1494,2023-05-28,2013,7,175.37,EUR
1691,1300,2023-05-10,2025,6,152.85,EUR
1692,1265,2023-10-04,2035,7,191.17,DKK
1693,1235,2023-02-25,2031,4,125.02,EUR
1694,1376,2023-11-19,2002,5,83.21,EUR
1695,1000,2023-10-06,2007,1,71.49,USD
1696,1100,2023-08-17,2041,9,68.48,EUR
1697,1145,2023-02-18,2006,7,111.02,SEK
1698,1258,2023-09-03,2014,5,72.64,EUR
1699,1178,2023-07-01,2002,6,80.78,SEK
1700,1043,2023-02-21,2014,6,108.02,EUR
1701,1481,2023-04-03,2012,8,205.52,EUR
1702,1068,2023-07-11,2030,1,136.34,EUR
1703,1369,2023-02-06,2049,6,96.98,DKK
1704,1078,2023-05-07,2006,7,110.32,USD
1705,1093,2023-03-12,2023,8,49.22,DKK
1706,1089,2023-06-21,2048,5,35.56,EUR
1707,1411,2023-04-28,2041,9,0.0,EUR
1708,1497,2023-03-28,2022,7,147.71,DKK
1709,1439,2023-05-26,2049,8,52.54,DKK
1710,1057,2023-06-22,2020,3,117.36,SEK
1711,1439,2023-01-04,2019,1,64.46,SEK
1712,1375,2023-03-25,2017,3,145.72,DKK
1713,1307,2023-03-02,2040,1,127.64,DKK
1714,1217,2023-04-07,2006,3,50.71,EUR
1715,1262,2023-11-02,2026,9,65.19,USD
1716,1416,2023-09-16,2033,1,112.38,SEK
1717,1076,2023-10-15,2012,9,66.15,DKK
1718,1267,2023-02-08,2032,7,65.4,EUR
1719,1166,2023-07-24,2027,9,45.92,EUR
1720,1301,2023-04-20,2025,6,175.73,USD
1721,1444,2023-09-03,2017,9,-2.55,USD
1722,1380,2023-05-09,2042,1,95.88,USD
1723,1162,2023-06-04,2030,9,34.28,EUR
1724,1280,2023-02-23,2041,1,69.11,DKK
1725,1446,2023-07-02,2004,7,25.63,EUR
1726,1407,2023-03-03,2010,8,136.12,EUR
1727,1480,2023-03-24,2003,8,155.04,USD
1728,1499,2023-06-26,2023,2,95.88,EUR
1729,1408,2023-06-01,2046,5,123.1,EUR
1730,1375,2023-06-25,2049,6,95.24,SEK
1731,1284,2023-12-16,2036,9,50.5,USD
1732,1459,2023-01-09,2047,6,99.28,DKK
1733,1268,2023-04-26,2002,8,126.36,USD
1734,1180,2023-04-20,2047,7,27.39,SEK
1735,1009,2023-03-12,2027,1,-17.18,EUR
1736,1345,2023-08-02,2034,5,115.03,USD
1737,1464,2023-12-11,2027,3,145.54,USD
1738,1369,2023-11-15,2042,5,65.51,EUR
1739,1493,2023-09-26,2047,7,-19.34,EUR
1740,1003,2023-07-22,2041,7,86.13,SEK
1741,1126,2023-09-12,2007,6,-24.72,EUR
1742,1398,2023-12-16,2008,7,101.6,USD
1743,1298,2023-02-27,2012,9,57.31,SEK
1744,1071,2023-01-10,2001,2,81.65,EUR
1745,1448,2023-03-12,2019,5,225.06,EUR
1746,1339,2023-06-24,2048,1,16.8,EUR
1747,1440,2023-05-13,2003,7,79.19,EUR
1748,1385,2023-05-21,2004,5,-14.48,EUR
1749,1147,2023-11-23,2017,1,60.42,USD
1750,1378,2023-11-07,2023,8,15.79,SEK
1751,1224,2023-04-29,2032,6,122.53,SEK
1752,1360,2023-11-25,2025,7,-18.76,DKK
1753,1167,2023-11-10,2008,2,81.94,DKK
1754,1184,2023-06-21,2022,6,85.14,DKK
1755,1087,2023-03-24,2018,2,208.98,EUR
1756,1429,2023-05-26,2046,4,72.33,DKK
1757,1129,2023-11-25,2031,1,47.79,DKK
1758,1146,2023-08-17,2037,6,85.22,DKK
1759,1457,2023-04-04,2007,3,170.2,USD
1760,1050,2023-02-05,2009,1,23.47,EUR
1761,1394,2023-08-15,2040,7,102.4,USD
1762,1455,2023-01-18,2010,9,121.45,EUR
1763,1498,2023-07-26,2041,4,115.51,DKK
1764,1248,2023-11-20,2006,4,80.53,EUR
1765,1354,2023-11-18,2011,4,58.34,USD
1766,1171,2023-09-19,2013,4,20.51,EUR
1767,1102,2023-01-09,2035,8,51.69,EUR
1768,1017,2023-04-01,2030,6,143.77,EUR
1769,1323,2023-10-11,2027,8,182.41,SEK
1770,1036,2023-08-05,2016,8,126.36,EUR
1771,1157,2023-10-28,2042,5,71.15,EUR
1772,1185,2023-01-18,2018,5,82.07,EUR
1773,1195,2023-12-30,2006,5,147.51,EUR
1774,1097,2023-05-25,2005,6,112.84,USD
1775,1273,2023-10-07,2048,7,106.44,USD
1776,1391,2023-08-09,2034,8,103.33,EUR
1777,1034,2023-09-27,2024,1,58.12,EUR
1778,1278,2023-09-11,2038,4,-21.27,EUR
1779,1417,2023-11-21,2017,4,102.99,USD
1780,1049,2023-08-04,2039,2,70.65,EUR
1781,1169,2023-01-05,2046,5,183.38,EUR
1782,1275,2023-02-23,2005,3,108.98,SEK
1783,1426,2023-12-12,2038,5,97.22,EUR
1784,1127,2023-12-06,2029,2,83.47,USD
1785,1182,2023-05-08,2017,9,99.69,EUR
1786,1182,2023-10-20,2014,8,45.72,EUR
1787,1332,2023-01-11,2037,2,83.41,DKK
1788,1372,2023-03-05,2024,7,107.49,DKK
1789,1437,2023-01-16,2036,5,119.03,EUR
1790,1115,2023-03-29,2014,1,170.76,EUR
1791,1018,2023-11-05,2014,8,129.08,EUR
1792,1099,2023-11-29,2047,8,89.35,SEK
1793,1192,2023-04-15,2014,9,154.93,EUR
1794,1225,2023-02-17,2044,8,82.68,EUR
1795,1247,2023-11-08,2014,8,84.6,EUR
1796,1223,2023-10-20,2029,1,116.31,SEK
1797,1407,2023-12-16,2028,6,60.69,EUR
1798,1492,2023-11-27,2021,5,153.17,EUR
1799,1453,2023-04-04,2040,1,67.27,EUR
1800,1113,2023-08-01,2046,8,99.93,EUR
1801,1000,2023-04-29,2000,3,79.36,EUR
1802,1065,2023-12-17,2009,5,159.44,USD
1803,1194,2023-12-03,2042,9,109.08,USD
1804,1240,2023-02-19,2020,2,96.54,EUR
1805,1171,2023-03-27,2032,9,196.78,EUR
1806,1104,2023-08-10,2036,4,152.42,DKK
1807,1188,2023-09-27,2004,2,69.73,EUR
1808,1381,2023-03-15,2000,4,119.75,EUR
1809,1166,2023-08-07,2022,4,45.71,SEK
1810,1172,2023-08-08,2014,7,79.29,USD
1811,1293,2023-12-09,2039,6,39.89,USD
1812,1423,2023-11-06,2020,3,66.42,DKK
1813,1347,2023-12-05,2037,6,44.92,DKK
1814,1044,2023-01-09,2011,4,95.67,SEK
1815,1326,2023-11-13,2015,8,145.49,USD
1816,1140,2023-10-25,2034,4,76.08,EUR
1817,1051,2023-09-08,2001,2,117.51,SEK
1818,1279,2023-07-17,2045,7,85.71,EUR
1819,1449,2023-02-02,2020,1,140.56,DKK
1820,1441,2023-06-20,2002,5,97.58,EUR
1821,1219,2023-10-02,2025,9,167.42,EUR
1822,1455,2023-01-18,2035,5,38.58,SEK
1823,1163,2023-07-07,2015,6,137.43,USD
1824,1389,2023-04-30,2034,7,83.96,USD
1825,1305,2023-07-20,2035,7,98.67,EUR
1826,1318,2023-10-11,2023,2,67.14,EUR
1827,1211,2023-01-08,2038,6,52.28,USD
1828,1448,2023-02-11,2044,4,108.15,EUR
1829,1300,2023-01-02,2018,1,157.97,EUR
1830,1264,2023-01-14,2011,9,134.21,USD
1831,1225,2023-08-17,2007,7,76.32,USD
1832,1025,2023-02-01,2029,9,94.77,DKK
1833,1130,2023-03-30,2026,9,53.23,DKK
1834,1330,2023-06-23,2041,9,0.0,USD
1835,1329,2023-08-16,2006,9,93.64,EUR
1836,1290,2023-08-15,2005,4,125.91,EUR
1837,1346,2023-11-04,2006,8,87.4,DKK
1838,1188,2023-01-23,2011,3,61.2,EUR
1839,1396,2023-07-09,2023,4,119.26,EUR
1840,1309,2023-10-03,2017,9,121.27,EUR
1841,1046,2023-02-07,2001,5,65.72,EUR
1842,1023,2023-10-05,2010,2,59.29,USD
1843,1365,2023-07-07,2029,8,149.02,SEK
1844,1169,2023-02-17,2017,2,86.35,DKK
1845,1282,2023-02-24,2035,8,102.26,SEK
1846,1118,2023-11-14,2035,9,82.8,USD
1847,1493,2023-09-02,2019,4,68.62,DKK
1848,1385,2023-07-08,2027,7,120.84,EUR
1849,1451,2023-06-01,2019,8,96.22,EUR
1850,1008,2023-01-07,2010,6,124.19,EUR
1851,1479,2023-05-09,2018,3,0.0,EUR
1852,1242,2023-05-28,2035,4,17.4,SEK
1853,1027,2023-06-10,2029,1,93.92,DKK
1854,1235,2023-08-30,2003,5,160.05,EUR
1855,1064,2023-03-12,2032,8,92.64,USD
1856,1102,2023-07-10,2013,5,87.05,EUR
1857,1217,2023-04-16,2044,8,71.42,EUR
1858,1426,2023-08-30,2015,5,82.37,USD
1859,1323,2023-07-22,2005,8,145.34,SEK
1860,1009,2023-01-19,2017,7,77.13,EUR
1861,1464,2023-02-05,2020,1,122.74,EUR
1862,1200,2023-11-09,2021,1,62.78,DKK
1863,1140,2023-02-09,2045,1,68.89,USD
1864,1305,2023-09-25,2049,3,117.58,SEK
1865,1195,2023-04-26,2011,8,74.29,EUR
1866,1046,2023-10-03,2029,6,99.84,USD
1867,1451,2023-07-22,2029,5,70.52,EUR
1868,1161,2023-11-08,2019,9,64.16,SEK
1869,1268,2023-07-30,2016,9,72.98,EUR
1870,1329,2023-05-20,2014,5,43.74,USD
1871,1301,2023-07-11,2043,7,59.77,EUR
1872,1274,2023-06-25,2041,4,56.02,USD
1873,1191,2023-06-14,2016,9,74.79,SEK
1874,1209,2023-01-03,2005,2,73.32,DKK
1875,1410,2023-04-20,2034,9,50.33,EUR
1876,1498,2023-03-05,2021,6,55.66,USD
1877,1076,2023-12-16,2003,2,158.69,USD
1878,1020,2023-08-22,2040,9,91.41,EUR
1879,1034,2023-06-10,2049,6,102.36,EUR
1880,1175,2023-07-29,2033,3,115.02,EUR
1881,1203,2023-08-08,2045,2,33.14,USD
1882,1429,2023-05-07,2038,8,88.3,EUR
1883,1476,2023-02-11,2007,1,235.01,EUR
1884,1174,2023-06-06,2024,7,32.12,EUR
1885,1334,2023-10-29,2044,3,36.69,EUR
1886,1429,2023-10-08,2036,5,73.59,EUR
1887,1307,2023-09-06,2018,1,146.23,DKK
1888,1441,2023-09-28,2027,2,92.1,USD
1889,1093,2023-05-10,2009,4,123.63,USD
1890,1348,2023-07-13,2018,8,151.35,EUR
1891,1467,2023-06-29,2039,7,22.92,EUR
1892,1453,2023-08-09,2009,2,191.65,EUR
1893,1444,2023-11-02,2005,3,104.73,DKK
1894,1293,2023-11-25,2014,4,-45.0,USD
1895,1103,2023-09-14,2002,9,118.54,USD
1896,1245,2023-01-10,2030,1,98.9,USD
1897,1086,2023-04-10,2042,9,152.74,DKK
1898,1217,2023-09-26,2008,3,95.77,SEK
1899,1372,2023-01-04,2042,9,29.0,EUR
1900,1387,2023-10-28,2013,7,90.95,EUR
1901,1272,2023-09-29,2046,2,76.47,EUR
1902,1368,2023-12-05,2011,4,114.21,SEK
1903,1464,2023-09-21,2028,3,107.13,USD
1904,1297,2023-05-12,2022,6,26.22,EUR
1905,1254,2023-05-24,2018,5,154.25,EUR
1906,1434,2023-06-05,2025,6,112.41,DKK
1907,1093,2023-10-01,2010,2,133.02,SEK
1908,1110,2023-08-15,2044,3,63.67,USD
1909,1401,2023-10-03,2013,8,44.64,EUR
1910,1378,2023-06-18,2010,3,121.81,EUR
1911,1167,2023-02-10,2023,2,55.92,EUR
1912,1120,2023-12-13,2012,6,62.96,EUR
1913,1489,2023-12-28,2016,6,22.12,DKK
1914,1309,2023-04-06,2040,8,185.44,EUR
1915,1015,2023-08-30,2009,6,189.68,SEK
1916,1094,2023-01-07,2011,5,56.62,EUR
1917,1004,2023-09-11,2042,3,113.72,DKK
1918,1406,2023-08-31,2028,7,81.89,SEK
1919,1450,2023-01-05,2007,4,109.83,EUR
1920,1039,2023-12-09,2009,3,38.19,EUR
1921,1307,2023-08-17,2010,2,145.89,EUR
1922,1261,2023-12-27,2010,1,110.17,DKK
1923,1283,2023-01-21,2045,1,103.21,DKK
1924,1495,2023-01-13,2007,8,120.94,EUR
1925,1147,2023-05-25,2025,8,50.75,DKK
1926,1449,2023-01-04,2025,2,116.78,SEK
1927,1161,2023-08-18,2014,9,59.98,EUR
1928,1084,2023-05-18,2010,4,93.61,USD
1929,1000,2023-01-12,2043,2,94.52,EUR
1930,1139,2023-07-16,2015,1,136.38,DKK
1931,1173,2023-12-19,2015,9,181.23,SEK
1932,1249,2023-05-16,2044,5,76.46,EUR
1933,1312,2023-06-21,2021,3,95.87,SEK
1934,1035,2023-01-13,2032,9,144.63,DKK
1935,1475,2023-07-08,2003,2,173.67,SEK
1936,1319,2023-09-03,2002,2,112.69,DKK
1937,1075,2023-03-30,2029,2,136.31,DKK
1938,1188,2023-05-31,2031,3,163.5,EUR
1939,1042,2023-04-26,2017,7,92.27,EUR
1940,1369,2023-09-02,2014,2,37.35,
1941,1141,2023-02-12,2002,6,94.72,SEK
1942,1495,2023-01-17,2032,2,51.84,USD
1943,1107,2023-11-01,2004,2,119.9,EUR
1944,1262,2023-08-26,2019,9,123.45,EUR
1945,1103,2023-08-26,2034,3,69.87,EUR
1946,1149,2023-09-10,2026,8,80.97,DKK
1947,1206,2023-02-19,2042,9,164.97,SEK
1948,1259,2023-11-14,2006,2,78.61,EUR
1949,1239,2023-02-08,2038,6,-13.64,DKK
1950,1400,2023-11-18,2044,7,158.62,DKK
1951,1071,2023-12-27,2023,8,73.53,EUR
1952,1465,2023-03-05,2048,9,41.61,DKK
1953,1478,2023-12-25,2036,6,46.39,EUR
1954,1297,2023-05-01,2022,6,77.18,USD
1955,1157,2023-08-29,2020,3,127.25,EUR
1956,1463,2023-11-20,2008,9,146.91,USD
1957,1394,2023-12-02,2024,7,137.16,EUR
1958,1442,2023-08-13,2036,8,116.2,EUR
1959,1497,2023-12-09,2025,2,85.59,SEK
1960,1019,2023-02-09,2034,1,182.75,EUR
1961,1327,2023-10-26,2049,9,55.07,DKK
1962,1050,2023-06-08,2013,4,82.3,EUR
1963,1003,2023-08-14,2026,2,55.16,DKK
1964,1273,2023-09-12,2004,6,63.42,USD
1965,1119,2023-05-05,2003,9,26.07,DKK
1966,1020,2023-06-19,2034,3,92.3,DKK
1967,1250,2023-04-08,2020,2,101.93,EUR
1968,1315,2023-10-24,2013,1,51.07,DKK
1969,1437,2023-09-24,2029,4,117.9,EUR
1970,1125,2023-06-19,2028,9,87.72,DKK
1971,1318,2023-03-03,2030,2,124.42,DKK
1972,1421,2023-09-14,2045,1,144.1,EUR
1973,1070,2023-07-12,2042,8,146.7,DKK
1974,1483,2023-10-05,2044,3,114.4,DKK
1975,1188,2023-07-14,2038,7,105.82,EUR
1976,1137,2023-05-23,2009,6,150.3,USD
1977,1428,2023-03-23,2034,5,94.32,EUR
1978,1176,2023-04-04,2047,8,41.05,DKK
1979,1200,2023-09-07,2009,1,80.8,USD
1980,1024,2023-05-05,2000,7,20.13,EUR
1981,1145,2023-03-04,2031,9,65.12,EUR
1982,1410,2023-06-09,2049,6,89.78,EUR
1983,1135,2023-01-22,2026,7,87.92,USD
1984,1100,2023-12-31,2002,4,2.84,EUR
1985,1076,2023-07-14,2041,1,86.16,DKK
1986,1074,2023-09-21,2000,2,89.81,EUR
1987,1030,2023-12-07,2016,1,96.43,USD
1988,1409,2023-11-04,2004,3,144.58,EUR
1989,1350,2023-03-25,2034,8,139.35,USD
1990,1004,2023-02-07,2043,6,71.91,EUR
1991,1274,2023-03-02,2024,8,96.92,SEK
1992,1491,2023-12-21,2030,5,0.0,SEK
1993,1444,2023-01-24,2010,2,219.86,EUR
1994,1226,2023-02-20,2017,1,111.01,EUR
1995,1259,2023-06-30,2015,3,163.16,USD
1996,1026,2023-02-19,2033,9,128.17,SEK
1997,1456,2023-05-31,2031,7,127.79,DKK
1998,1004,2023-07-06,2035,5,153.39,DKK
1999,1096,2023-03-22,2019,8,57.24,EUR
2000,1255,2023-07-10,2015,2,164.14,EUR
2001,1050,2023-03-03,2033,9,136.41,USD
2002,1341,2023-02-09,2018,1,126.58,EUR
2003,1459,2023-06-02,2008,3,62.37,SEK
2004,1492,2023-09-24,2019,2,179.51,USD
2005,1027,2023-10-26,2010,2,162.95,EUR
2006,1019,2023-07-20,2000,9,191.14,DKK
2007,1248,2023-12-03,2025,3,111.63,DKK
2008,1194,2023-05-04,2030,7,107.38,DKK
2009,1093,2023-04-28,2011,1,255.1,SEK
2010,1459,2023-11-13,2049,4,-13.93,USD
2011,1046,2023-01-14,2024,3,136.08,DKK
2012,1347,2023-10-10,2028,5,-15.22,USD
2013,1361,2023-06-04,2012,1,165.83,DKK
2014,1002,2023-12-04,2035,3,126.68,EUR
2015,1281,2023-07-08,2032,8,121.47,DKK
2016,1348,2023-03-11,2018,7,136.27,EUR
2017,1009,2023-10-07,2037,5,122.75,DKK
2018,1244,2023-11-30,2030,8,0.99,EUR
2019,1348,2023-05-07,2022,6,42.04,EUR
2020,1418,2023-06-06,2019,4,140.08,USD
2021,1417,2023-03-04,2044,1,102.39,EUR
2022,1228,2023-04-06,2025,3,82.23,EUR
2023,1432,2023-12-29,2013,7,148.28,EUR
2024,1026,2023-02-24,2000,4,73.67,EUR
2025,1250,2023-07-15,2027,4,66.72,DKK
2026,1138,2023-01-18,2016,3,150.62,EUR
2027,1485,2023-06-03,2045,5,96.48,USD
2028,1276,2023-10-22,2010,3,-38.83,EUR
2029,1237,2023-01-22,2037,5,218.04,EUR
2030,1171,2023-11-22,2041,1,73.84,DKK
2031,1392,2023-12-11,2004,4,21.43,SEK
2032,1119,2023-05-30,2015,3,170.92,USD
2033,1145,2023-12-02,2005,7,147.66,DKK
2034,1079,2023-11-20,2001,1,78.68,EUR
2035,1396,2023-11-11,2026,5,127.54,EUR
2036,1183,2023-08-21,2019,5,100.37,DKK
2037,1072,2023-07-24,2046,6,38.52,SEK
2038,1203,2023-09-02,2001,1,163.09,EUR
2039,1010,2023-03-18,2001,9,73.01,EUR
2040,1186,2023-06-06,2029,1,118.55,DKK
2041,1056,2023-01-18,2040,5,93.07,USD
2042,1062,2023-10-08,2032,4,215.76,USD
2043,1171,2023-11-15,2047,4,81.31,USD
2044,1413,2023-03-24,2009,8,138.88,EUR
2045,1129,2023-02-04,2016,5,32.59,DKK
2046,1477,2023-08-17,2029,4,185.27,EUR
2047,1234,2023-07-10,2047,2,106.48,EUR
2048,1166,2023-01-03,2006,8,53.89,USD
2049,1398,2023-11-14,2018,7,174.47,USD
2050,1199,2023-05-13,2044,4,89.48,EUR
2051,1477,2023-05-07,2018,1,28.12,DKK
2052,1178,2023-03-04,2043,1,84.54,EUR
2053,1134,2023-05-21,2017,4,103.4,EUR
2054,1391,2023-11-29,2032,7,61.87,USD
2055,1148,2023-04-01,2025,2,81.1,DKK
2056,1467,2023-11-11,2023,6,184.11,USD
2057,1074,2023-11-22,2025,6,185.44,EUR
2058,1153,2023-07-09,2024,1,61.23,USD
2059,1418,2023-08-08,2012,9,112.85,USD
2060,1415,2023-07-17,2032,6,104.57,EUR
2061,1400,2023-04-16,2025,9,86.4,EUR
2062,1117,2023-12-31,2044,6,79.03,USD
2063,1317,2023-01-12,2007,6,97.64,DKK
2064,1176,2023-01-03,2016,6,148.32,DKK
2065,1043,2023-06-14,2023,8,132.88,EUR
2066,1141,2023-06-09,2036,8,108.5,USD
2067,1215,2023-01-12,2017,1,73.02,USD
2068,1038,2023-11-23,2032,4,97.31,SEK
2069,1324,2023-11-12,2022,1,158.34,USD
2070,1155,2023-11-25,2021,4,88.23,DKK
2071,1122,2023-12-07,2022,6,47.12,DKK
2072,1284,2023-04-09,2003,3,94.66,EUR
2073,1350,2023-12-26,2034,3,91.56,USD
2074,1004,2023-09-19,2019,9,107.3,EUR
2075,1383,2023-07-14,2040,8,10.31,DKK
2076,1126,2023-08-23,2027,6,135.25,EUR
2077,1133,2023-07-25,2022,2,-24.17,USD
2078,1048,2023-08-06,2047,6,142.87,SEK
2079,1346,2023-10-03,2025,8,177.09,EUR
2080,1137,2023-06-11,2021,3,60.14,USD
2081,1431,2023-11-18,2002,2,104.37,DKK
2082,1025,2023-03-24,2043,1,27.17,SEK
2083,1346,2023-02-02,2043,6,155.88,USD
2084,1182,2023-09-19,2045,4,222.04,DKK
2085,1179,2023-12-22,2020,7,130.98,EUR
2086,1024,2023-07-15,2020,2,137.02,DKK
2087,1209,2023-09-01,2029,4,66.03,EUR
2088,1091,2023-01-07,2007,3,191.57,DKK
2089,1341,2023-09-13,2004,1,47.38,SEK
2090,1280,2023-09-01,2049,9,141.03,EUR
2091,1303,2023-07-14,2018,9,37.92,EUR
2092,1153,2023-03-07,2041,2,5.93,EUR
2093,1253,2023-11-10,2045,5,81.87,EUR
2094,1340,2023-05-21,2019,8,148.37,EUR
2095,1320,2023-05-25,2008,3,212.55,DKK
2096,1372,2023-03-01,2007,1,-33.36,EUR
2097,1049,2023-05-03,2042,4,92.92,EUR
2098,1251,2023-10-20,2018,7,122.1,SEK
2099,1414,2023-01-12,2008,5,62.11,SEK
2100,1009,2023-04-09,2023,5,99.78,DKK
2101,1365,2023-12-12,2026,5,104.99,SEK
2102,1125,2023-04-14,2035,4,105.42,USD
2103,1155,2023-02-10,2005,1,103.69,DKK
2104,1305,2023-02-26,2046,4,26.87,DKK
2105,1311,2023-12-16,2021,2,0.0,DKK
2106,1412,2023-06-25,2015,2,23.24,EUR
2107,1293,2023-08-02,2034,7,144.38,SEK
2108,1384,2023-03-15,2002,6,20.17,EUR
2109,1176,2023-01-14,2012,3,0.0,USD
2110,1012,2023-08-24,2038,8,72.57,EUR
2111,1353,2023-12-08,2027,1,45.95,EUR
2112,1427,2023-06-18,2002,3,70.53,DKK
2113,1025,2023-09-03,2021,5,220.35,EUR
2114,1324,2023-07-30,2003,5,99.35,USD
2115,1246,2023-01-15,2042,4,93.51,DKK
2116,1479,2023-12-19,2016,7,102.36,EUR
2117,1182,2023-08-10,2045,3,110.58,DKK
2118,1373,2023-09-11,2016,5,38.99,DKK
2119,1337,2023-07-26,2022,5,0.61,EUR
2120,1123,2023-07-22,2027,6,84.46,EUR
2121,1278,2023-04-27,2005,6,74.99,EUR
2122,1165,2023-10-30,2009,4,168.62,EUR
2123,1352,2023-09-14,2002,3,53.72,EUR
2124,1417,2023-01-30,2032,1,99.87,DKK
2125,1324,2023-06-18,2028,8,50.69,USD
2126,1497,2023-04-15,2040,2,151.45,EUR
2127,1378,2023-06-18,2007,2,70.02,DKK
2128,1399,2023-12-20,2040,2,62.43,EUR
2129,1133,2023-06-26,2010,6,131.84,EUR
2130,1448,2023-04-08,2043,9,24.67,DKK
2131,1143,2023-05-29,2013,5,68.04,EUR
2132,1200,2023-04-24,2024,8,138.7,DKK
2133,1082,2023-08-06,2041,7,190.05,EUR
2134,1135,2023-02-22,2026,8,26.57,SEK
2135,1259,2023-04-09,2042,6,63.3,DKK
2136,1396,2023-03-01,2009,4,103.22,DKK
2137,1194,2023-05-05,2017,2,162.91,USD
2138,1005,2023-02-10,2015,7,93.04,EUR
2139,1245,2023-10-08,2013,8,102.72,DKK
2140,1173,2023-11-15,2016,8,164.69,USD
2141,1354,2023-04-28,2004,6,123.13,EUR
2142,1415,2023-08-14,2045,2,96.3,EUR
2143,1228,2023-01-02,2044,8,66.63,EUR
2144,1297,2023-12-19,2019,8,103.43,DKK
2145,1334,2023-01-29,2018,4,135.9,DKK
2146,1451,2023-05-23,2031,2,76.66,EUR
2147,1307,2023-07-06,2031,5,131.91,DKK
2148,1054,2023-12-01,2024,9,78.25,EUR
2149,1244,2023-06-22,2002,8,102.46,USD
2150,1466,2023-06-16,2038,9,62.46,DKK
2151,1433,2023-04-05,2028,9,197.19,EUR
2152,1273,2023-03-24,2001,1,40.5,DKK
2153,1214,2023-01-28,2043,7,144.24,SEK
2154,1456,2023-10-06,2000,8,44.84,EUR
2155,1370,2023-01-08,2000,8,257.84,USD
2156,1073,2023-07-20,2033,5,120.19,EUR
2157,1260,2023-03-29,2005,8,67.85,EUR
2158,1133,2023-12-16,2040,7,107.31,EUR
2159,1368,2023-12-22,2027,4,146.16,EUR
2160,1418,2023-06-22,2026,9,101.18,DKK
2161,1316,2023-01-12,2006,9,0.0,USD
2162,1145,2023-02-17,2035,5,30.91,DKK
2163,1349,2023-09-13,2048,7,130.46,USD
2164,1003,2023-01-30,2005,2,149.01,EUR
2165,1213,2023-07-16,2046,1,87.58,EUR
2166,1307,2023-02-12,2030,5,76.55,USD
2167,1338,2023-04-15,2012,5,129.16,EUR
2168,1429,2023-08-18,2005,7,62.52,EUR
2169,1011,2023-06-06,2015,8,77.65,EUR
2170,1008,2023-09-17,2046,1,46.57,EUR
2171,1452,2023-01-16,2023,5,77.66,EUR
2172,1143,2023-11-24,2000,5,138.74,EUR
2173,1400,2023-04-02,2036,1,132.17,EUR
2174,1148,2023-09-01,2025,2,75.82,EUR
2175,1341,2023-09-09,2010,1,81.5,EUR
2176,1294,2023-07-15,2019,5,134.65,EUR
2177,1265,2023-12-31,2034,5,118.53,EUR
2178,1259,2023-10-30,2030,9,93.03,EUR
2179,1422,2023-09-09,2032,9,270.64,EUR
2180,1140,2023-04-18,2021,5,41.99,DKK
2181,1231,2023-07-05,2000,8,131.89,EUR
2182,1265,2023-09-09,2028,3,59.37,DKK
2183,1154,2023-04-04,2022,5,134.63,EUR
2184,1198,2023-01-28,2034,1,41.94,USD
2185,1149,2023-07-12,2006,6,52.52,USD
2186,1350,2023-06-05,2017,2,140.42,EUR
2187,1222,2023-01-13,2002,7,71.68,USD
2188,1039,2023-10-17,2008,6,90.29,EUR
2189,1458,2023-09-24,2003,4,21.47,EUR
2190,1496,2023-01-11,2022,7,131.55,EUR
2191,1082,2023-11-21,2013,4,74.66,USD
2192,1099,2023-10-14,2036,6,118.52,USD
2193,1007,2023-09-10,2018,3,134.68,DKK
2194,1391,2023-09-30,2018,6,212.8,EUR
2195,1125,2023-04-16,2020,7,124.23,EUR
2196,1285,2023-12-10,2035,3,112.85,EUR
2197,1343,2023-08-15,2016,7,144.61,DKK
2198,1444,2023-11-27,2004,7,22.27,EUR
2199,1377,2023-12-01,2004,4,123.84,EUR
2200,1298,2023-01-27,2029,3,62.71,EUR
2201,1366,2023-03-02,2020,9,-12.19,EUR
2202,1007,2023-07-04,2028,7,97.17,EUR
2203,1330,2023-02-13,2012,4,56.34,USD
2204,1420,2023-03-14,2040,5,82.08,EUR
2205,1218,2023-05-28,2042,3,76.12,EUR
2206,1122,2023-11-06,2029,2,100.61,DKK
2207,1036,2023-04-02,2022,3,147.94,USD
2208,1058,2023-12-22,2001,1,-16.97,DKK
2209,1000,2023-02-11,2040,6,110.58,DKK
2210,1480,2023-05-01,2016,9,11.4,EUR
2211,1268,2023-04-13,2004,3,94.32,DKK
2212,1038,2023-05-05,2001,5,97.52,USD
2213,1461,2023-05-15,2005,8,88.49,DKK
2214,1177,2023-09-28,2000,8,122.74,EUR
2215,1132,2023-06-26,2032,5,88.77,DKK
2216,1169,2023-05-04,2048,3,58.46,SEK
2217,1042,2023-01-10,2015,5,153.43,EUR
2218,1138,2023-01-16,2003,4,38.16,EUR
2219,1479,2023-12-31,2048,7,111.36,EUR
2220,1071,2023-02-16,2046,6,149.69,EUR
2221,1180,2023-10-08,2028,2,16.74,DKK
2222,1267,2023-07-22,2007,2,185.76,EUR
2223,1450,2023-02-27,2034,2,-8.33,USD
2224,1319,2023-05-06,2039,3,108.99,USD
2225,1254,2023-11-14,2033,4,202.43,EUR
2226,1458,2023-06-05,2016,5,99.29,USD
2227,1099,2023-08-19,2013,2,80.79,EUR
2228,1495,2023-11-20,2037,9,45.11,EUR
2229,1177,2023-11-13,2029,8,129.35,EUR
2230,1055,2023-01-22,2049,5,-5.0,USD
2231,1158,2023-08-09,2004,3,112.25,SEK
2232,1154,2023-03-15,2004,2,9.31,DKK
2233,1263,2023-07-27,2028,4,202.43,DKK
2234,1134,2023-09-30,2022,6,170.36,EUR
2235,1431,2023-02-02,2030,4,184.95,EUR
2236,1287,2023-10-01,2034,9,74.12,EUR
2237,1453,2023-05-25,2012,5,144.18,USD
2238,1288,2023-08-29,2040,5,23.37,DKK
2239,1178,2023-12-18,2012,4,138.85,DKK
2240,1234,2023-09-03,2008,9,64.7,EUR
2241,1415,2023-08-25,2030,7,107.78,EUR
2242,1397,2023-02-27,2038,6,37.62,USD
2243,1339,2023-01-15,2028,3,97.87,EUR
2244,1176,2023-12-14,2003,2,123.71,USD
2245,1299,2023-02-22,2039,3,35.89,EUR
2246,1072,2023-09-18,2008,6,92.67,EUR
2247,1159,2023-06-23,2002,4,127.45,USD
2248,1384,2023-01-16,2036,5,99.45,USD
2249,1284,2023-12-08,2045,7,147.15,EUR
2250,1269,2023-12-25,2024,4,230.29,EUR
2251,1088,2023-03-22,2030,4,105.75,USD
2252,1258,2023-06-13,2036,8,143.11,EUR
2253,1480,2023-10-22,2044,5,45.71,SEK
2254,1150,2023-08-05,2045,5,140.9,DKK
2255,1095,2023-07-17,2047,8,83.64,EUR
2256,1369,2023-05-01,2045,8,-16.22,EUR
2257,1144,2023-06-23,2042,2,48.12,EUR
2258,1405,2023-02-09,2009,1,113.31,SEK
2259,1010,2023-09-19,2031,8,29.01,USD
2260,1078,2023-03-10,2035,4,94.34,DKK
2261,1276,2023-03-26,2046,5,197.28,EUR
2262,1004,2023-07-24,2023,1,55.76,EUR
2263,1274,2023-09-16,2039,5,134.93,EUR
2264,1119,2023-09-06,2031,1,136.67,EUR
2265,1042,2023-03-03,2014,6,172.73,EUR
2266,1460,2023-10-10,2010,3,173.98,USD
2267,1119,2023-02-16,2026,6,116.46,EUR
2268,1033,2023-06-06,2040,6,94.0,EUR
2269,1431,2023-01-14,2044,8,-3.33,EUR
2270,1214,2023-10-07,2016,7,62.7,EUR
2271,1380,2023-09-13,2044,3,131.24,DKK
2272,1442,2023-05-23,2006,3,83.57,USD
2273,1135,2023-11-22,2046,3,72.3,EUR
2274,1025,2023-03-04,2035,4,129.42,USD
2275,1405,2023-01-05,2033,9,101.63,EUR
2276,1419,2023-06-08,2046,1,76.89,DKK
2277,1044,2023-03-10,2045,6,122.37,USD
2278,1363,2023-11-03,2038,3,9.19,EUR
2279,1323,2023-04-12,2029,2,143.8,EUR
2280,1278,2023-04-10,2022,8,80.46,EUR
2281,1397,2023-01-08,2017,2,135.16,DKK
2282,1133,2023-01-13,2040,1,77.11,EUR
2283,1483,2023-01-22,2049,6,136.85,USD
2284,1375,2023-09-08,2017,3,69.92,USD
2285,1302,2023-07-24,2032,1,86.16,EUR
2286,1388,2023-12-26,2002,2,76.72,DKK
2287,1338,2023-11-06,2044,1,184.08,EUR
2288,1359,2023-12-21,2014,6,87.68,USD
2289,1344,2023-07-02,2032,8,190.29,USD
2290,1268,2023-12-04,2012,7,118.46,USD
2291,1124,2023-05-22,2005,3,138.89,USD
2292,1146,2023-01-08,2020,3,112.43,EUR
2293,1489,2023-05-19,2023,6,115.92,USD
2294,1070,2023-02-13,2010,8,57.54,DKK
2295,1458,2023-11-02,2044,6,60.68,USD
2296,1081,2023-09-17,2009,8,28.78,EUR
2297,1387,2023-09-04,2046,9,178.37,EUR
2298,1458,2023-12-15,2027,3,154.11,USD
2299,1067,2023-09-16,2037,5,32.01,USD
2300,1062,2023-04-26,2013,2,160.56,EUR
2301,1313,2023-01-18,2034,6,51.08,EUR
2302,1167,2023-03-25,2048,5,88.67,DKK
2303,1484,2023-08-09,2032,1,48.93,USD
2304,1205,2023-06-17,2045,6,139.15,USD
2305,1134,2023-02-21,2032,7,159.33,USD
2306,1061,2023-12-03,2036,6,146.87,DKK
2307,1167,2023-08-04,2037,6,193.32,EUR
2308,1066,2023-11-17,2000,1,33.76,SEK
2309,1498,2023-09-21,2039,1,191.2,USD
2310,1428,2023-06-29,2010,2,64.72,DKK
2311,1129,2023-12-13,2049,8,72.33,DKK
2312,1437,2023-04-27,2018,3,180.15,EUR
2313,1021,2023-09-16,2011,6,69.57,DKK
2314,1418,2023-07-24,2045,3,60.6,SEK
2315,1206,2023-02-21,2013,8,169.89,EUR
2316,1302,2023-06-28,2024,1,51.41,DKK
2317,1335,2023-02-23,2014,3,91.96,SEK
2318,1158,2023-09-25,2043,1,94.15,EUR
2319,1202,2023-12-05,2003,9,34.56,USD
2320,1323,2023-06-02,2004,6,36.03,USD
2321,1106,2023-10-18,2031,1,75.14,SEK
2322,1457,2023-09-01,2006,9,97.63,DKK
2323,1222,2023-09-09,2008,4,105.06,EUR
2324,1408,2023-01-27,2000,7,123.36,EUR
2325,1020,2023-09-05,2013,1,141.38,USD
2326,1101,2023-01-29,2004,5,112.36,SEK
2327,1150,2023-07-23,2023,2,156.18,EUR
2328,1135,2023-09-02,2009,5,116.84,DKK
2329,1176,2023-04-08,2021,8,56.4,EUR
2330,1096,2023-01-30,2044,4,90.27,USD
2331,1483,2023-10-30,2017,8,48.77,EUR
2332,1150,2023-04-06,2012,6,79.5,DKK
2333,1421,2023-11-24,2039,1,183.94,EUR
2334,1025,2023-12-01,2037,8,162.07,EUR
2335,1444,2023-08-23,2037,4,114.05,USD
2336,1199,2023-09-30,2001,5,37.39,USD
2337,1047,2023-09-07,2004,4,166.81,EUR
2338,1350,2023-10-04,2020,6,58.4,DKK
2339,1086,2023-12-08,2038,4,128.95,USD
2340,1005,2023-02-22,2048,2,153.0,USD
2341,1365,2023-03-29,2017,4,149.16,EUR
2342,1340,2023-08-23,2041,6,34.92,DKK
2343,1457,2023-10-15,2028,3,92.84,EUR
2344,1284,2023-07-15,2014,2,1.25,DKK
2345,1109,2023-01-14,2016,3,134.42,EUR
2346,1201,2023-02-06,2012,1,54.6,EUR
2347,1180,2023-09-05,2046,1,46.96,USD
2348,1255,2023-09-20,2000,2,54.16,EUR
2349,1138,2023-05-06,2041,1,124.45,EUR
2350,1135,2023-11-26,2010,6,128.99,SEK
2351,1417,2023-07-09,2028,4,82.44,EUR
2352,1103,2023-03-16,2024,6,51.57,EUR
2353,1302,2023-11-24,2039,3,114.65,EUR
2354,1343,2023-07-05,2043,3,142.92,USD
2355,1346,2023-02-20,2017,1,118.21,EUR
2356,1380,2023-12-13,2024,5,232.85,EUR
2357,1485,2023-10-23,2005,2,114.18,EUR
2358,1294,2023-03-03,2007,1,91.8,SEK
2359,1130,2023-08-18,2005,6,130.69,EUR
2360,1223,2023-08-23,2035,3,92.92,EUR
2361,1244,2023-05-26,2043,8,94.78,EUR
2362,1271,2023-12-09,2033,4,134.81,DKK
2363,1270,2023-10-27,2012,3,57.28,USD
2364,1103,2023-06-02,2044,3,142.82,EUR
2365,1267,2023-05-11,2032,5,51.24,EUR
2366,1488,2023-12-31,2031,5,129.92,EUR
2367,1053,2023-09-05,2046,3,130.44,EUR
2368,1069,2023-12-04,2044,7,83.52,EUR
2369,1454,2023-05-12,2030,8,129.22,EUR
2370,1303,2023-07-15,2009,3,113.79,EUR
2371,1457,2023-11-17,2009,7,-10.04,USD
2372,1485,2023-02-09,2017,7,12.62,USD
2373,1124,2023-02-10,2012,5,65.27,EUR
2374,1224,2023-02-24,2014,6,183.15,EUR
2375,1356,2023-11-14,2043,5,203.33,EUR
2376,1213,2023-11-07,2035,2,147.46,EUR
2377,1187,2023-06-04,2035,9,87.28,EUR
2378,1407,2023-05-09,2023,9,20.61,EUR
2379,1109,2023-01-21,2017,1,67.42,EUR
2380,1076,2023-01-28,2005,3,80.06,
2381,1166,2023-01-01,2018,7,142.49,DKK
2382,1101,2023-10-18,2043,2,74.78,SEK
2383,1428,2023-10-05,2035,5,131.7,SEK
2384,1422,2023-01-14,2028,5,59.27,EUR
2385,1364,2023-09-18,2041,7,111.6,EUR
2386,1067,2023-02-11,2026,5,74.29,DKK
2387,1290,2023-03-11,2021,6,152.2,EUR
2388,1336,2023-07-27,2045,9,137.13,USD
2389,1416,2023-06-13,2017,4,76.84,DKK
2390,1330,2023-07-26,2041,6,116.17,DKK
2391,1000,2023-02-04,2042,2,66.79,EUR
2392,1473,2023-09-30,2004,3,50.99,DKK
2393,1418,2023-09-08,2041,6,164.55,EUR
2394,1246,2023-09-15,2023,4,80.1,USD
2395,1496,2023-08-24,2032,4,174.82,SEK
2396,1107,2023-05-15,2007,9,43.08,EUR
2397,1260,2023-06-28,2038,8,146.33,EUR
2398,1281,2023-02-23,2000,3,81.23,EUR
2399,1332,2023-11-18,2027,7,120.85,USD
2400,1369,2023-10-10,2015,8,73.07,DKK
2401,1402,2023-04-22,2014,5,184.49,EUR
2402,1355,2023-12-06,2047,6,70.64,DKK
2403,1042,2023-02-17,2031,3,95.15,EUR
2404,1372,2023-12-07,2032,1,93.25,SEK
2405,1350,2023-06-26,2020,3,122.45,USD
2406,1372,2023-01-19,2046,8,69.39,SEK
2407,1317,2023-02-23,2048,5,106.88,DKK
2408,1389,2023-09-20,2006,9,119.83,DKK
2409,1267,2023-07-29,2003,9,36.13,EUR
2410,1290,2023-05-15,2014,2,-0.51,EUR
2411,1020,2023-08-28,2023,5,41.99,EUR
2412,1347,2023-08-26,2031,3,113.43,DKK
2413,1134,2023-05-30,2006,6,79.1,EUR
2414,1183,2023-12-05,2023,5,44.37,DKK
2415,1186,2023-06-07,2000,7,99.12,EUR
2416,1098,2023-07-10,2025,1,90.04,USD
2417,1185,2023-12-31,2036,5,96.18,EUR
2418,1255,2023-11-25,2012,4,47.55,USD
2419,1225,2023-11-11,2025,6,46.96,EUR
2420,1145,2023-09-21,2044,6,101.52,EUR
2421,1120,2023-12-30,2020,7,208.49,EUR
2422,1374,2023-09-14,2020,5,174.91,EUR
2423,1380,2023-05-23,2007,8,77.26,EUR
2424,1052,2023-08-28,2038,8,131.52,USD
2425,1449,2023-12-16,2031,3,124.0,USD
2426,1154,2023-12-01,2003,5,118.81,SEK
2427,1189,2023-07-04,2016,5,132.96,DKK
2428,1258,2023-01-03,2023,5,132.16,EUR
2429,1334,2023-12-06,2040,2,43.53,EUR
2430,1117,2023-06-21,2040,4,123.41,EUR
2431,1105,2023-01-22,2047,3,127.39,DKK
2432,1455,2023-09-04,2044,3,41.58,USD
2433,1179,2023-04-03,2033,3,42.62,USD
2434,1078,2023-03-07,2002,1,146.87,SEK
2435,1066,2023-06-22,2009,5,83.75,EUR
2436,1164,2023-01-23,2038,9,7.63,EUR
2437,1205,2023-05-17,2006,5,195.49,EUR
2438,1463,2023-10-25,2029,6,89.96,EUR
2439,1393,2023-05-25,2009,4,131.98,USD
2440,1237,2023-11-28,2021,8,23.65,DKK
2441,1102,2023-10-14,2021,1,68.18,EUR
2442,1080,2023-03-15,2003,3,106.09,EUR
2443,1282,2023-07-20,2004,2,102.4,USD
2444,1112,2023-10-23,2039,9,104.61,USD
2445,1205,2023-04-12,2029,9,83.32,DKK
2446,1356,2023-11-06,2027,1,154.09,EUR
2447,1103,2023-01-09,2046,4,141.23,EUR
2448,1249,2023-06-22,2040,8,10.48,EUR
2449,1006,2023-02-25,2006,9,174.26,SEK
2450,1212,2023-07-24,2000,6,23.3,USD
2451,1145,2023-03-31,2045,1,76.46,USD
2452,1449,2023-01-28,2008,8,123.2,EUR
2453,1340,2023-07-13,2020,3,104.06,EUR
2454,1431,2023-04-05,2001,9,102.29,USD
2455,1451,2023-10-10,2046,9,105.75,EUR
2456,1289,2023-12-28,2033,6,218.92,USD
2457,1443,2023-10-30,2037,8,22.23,EUR
2458,1392,2023-04-24,2019,4,132.62,EUR
2459,1445,2023-08-20,2022,4,98.29,SEK
2460,1012,2023-02-24,2036,1,47.56,USD
2461,1052,2023-07-13,2025,7,155.29,USD
2462,1286,2023-03-05,2027,8,156.12,USD
2463,1392,2023-07-19,2021,1,162.37,EUR
2464,1225,2023-01-25,2045,2,175.34,SEK
2465,1136,2023-01-28,2013,2,184.81,USD
2466,1122,2023-09-18,2013,2,66.77,EUR
2467,1378,2023-08-09,2024,5,105.49,SEK
2468,1105,2023-01-22,2046,1,119.56,DKK
2469,1189,2023-10-03,2045,2,131.17,EUR
2470,1363,2023-07-15,2030,1,96.09,DKK
2471,1491,2023-02-09,2015,8,91.52,EUR
2472,1213,2023-07-29,2008,1,33.82,SEK
2473,1405,2023-03-07,2022,2,110.15,EUR
2474,1002,2023-08-21,2039,1,213.09,EUR
2475,1414,2023-11-30,2003,5,69.77,EUR
2476,1077,2023-10-14,2044,5,192.7,DKK
2477,1363,2023-01-09,2005,1,67.82,EUR
2478,1450,2023-03-20,2047,9,80.46,USD
2479,1103,2023-05-17,2016,4,56.4,USD
2480,1385,2023-04-29,2008,2,88.43,DKK
2481,1451,2023-02-11,2015,2,73.07,DKK
2482,1122,2023-09-07,2007,1,314.16,EUR
2483,1144,2023-12-05,2035,4,159.34,EUR
2484,1025,2023-08-06,2049,8,43.03,USD
2485,1130,2023-05-14,2041,7,171.33,DKK
2486,1290,2023-04-24,2042,2,94.76,DKK
2487,1260,2023-01-19,2030,7,132.61,DKK
2488,1250,2023-02-10,2014,6,90.62,EUR
2489,1336,2023-01-29,2007,4,0.0,DKK
2490,1185,2023-12-27,2002,4,123.52,DKK
2491,1344,2023-08-15,2017,5,154.39,EUR
2492,1140,2023-02-24,2030,3,153.49,USD
2493,1065,2023-07-28,2022,1,121.98,EUR
2494,1061,2023-03-14,2049,7,51.9,DKK
2495,1252,2023-11-06,2021,8,61.39,DKK
2496,1332,2023-08-06,2035,9,112.94,EUR
2497,1263,2023-05-24,2023,5,105.52,DKK
2498,1094,2023-05-28,2021,3,152.4,EUR
2499,1387,2023-05-11,2041,4,169.66,EUR
2500,1407,2023-08-30,2001,3,30.9,USD
2501,1421,2023-11-06,2008,5,113.39,EUR
2502,1078,2023-12-21,2029,8,25.14,EUR
2503,1192,2023-04-12,2028,9,122.8,DKK
2504,1303,2023-02-05,2021,8,93.11,EUR
2505,1129,2023-10-01,2015,4,101.64,EUR
2506,1029,2023-07-31,2025,8,40.52,USD
2507,1013,2023-07-14,2043,4,107.74,EUR
2508,1459,2023-09-17,2008,1,99.62,EUR
2509,1397,2023-09-15,2004,4,0.0,EUR
2510,1394,2023-09-10,2046,4,84.02,DKK
2511,1484,2023-02-20,2033,7,106.25,EUR
2512,1389,2023-05-01,2047,1,98.81,DKK
2513,1339,2023-03-26,2041,1,53.87,DKK
2514,1306,2023-01-23,2043,1,189.34,USD
2515,1112,2023-11-27,2040,7,97.51,DKK
2516,1113,2023-03-02,2045,1,122.81,EUR
2517,1117,2023-07-27,2021,6,75.81,EUR
2518,1424,2023-09-21,2011,6,190.62,EUR
2519,1094,2023-01-15,2013,3,106.68,EUR
2520,1206,2023-09-03,2038,3,30.72,DKK
2521,1229,2023-12-22,2036,6,93.86,EUR
2522,1080,2023-10-28,2031,6,128.91,USD
2523,1366,2023-05-08,2036,6,71.98,USD
2524,1246,2023-03-04,2040,8,56.41,EUR
2525,1414,2023-08-01,2043,6,201.5,USD
2526,1051,2023-08-03,2002,6,163.39,SEK
2527,1074,2023-08-29,2033,6,33.31,USD
2528,1225,2023-10-12,2044,9,119.46,EUR
2529,1186,2023-09-05,2032,1,83.21,EUR
2530,1304,2023-08-13,2036,4,117.44,EUR
2531,1192,2023-06-07,2001,9,111.81,EUR
2532,1479,2023-09-15,2037,9,41.03,DKK
2533,1278,2023-10-25,2036,6,109.78,EUR
2534,1256,2023-01-07,2021,2,45.99,EUR
2535,1234,2023-12-28,2037,1,143.58,EUR
2536,1044,2023-03-05,2027,3,156.22,EUR
2537,1261,2023-12-15,2038,1,238.88,DKK
2538,1079,2023-11-07,2025,2,107.26,DKK
2539,1064,2023-06-12,2017,1,100.05,EUR
2540,1003,2023-11-02,2028,9,134.61,USD
2541,1120,2023-01-13,2047,5,70.67,DKK
2542,1154,2023-07-22,2049,8,107.1,DKK
2543,1252,2023-02-13,2010,7,116.35,SEK
2544,1238,2023-04-10,2009,8,89.18,USD
2545,1094,2023-08-21,2033,5,28.38,SEK
2546,1176,2023-12-07,2041,4,46.66,EUR
2547,1119,2023-09-10,2043,1,123.2,EUR
2548,1370,2023-08-27,2037,8,89.51,DKK
2549,1221,2023-10-10,2025,8,164.29,DKK
2550,1071,2023-04-21,2002,1,106.37,USD
2551,1447,2023-10-01,2022,5,142.34,DKK
2552,1257,2023-11-04,2029,1,88.67,DKK
2553,1230,2023-10-25,2030,2,97.5,EUR
2554,1405,2023-04-18,2009,7,130.37,USD
2555,1434,2023-08-31,2049,5,25.94,EUR
2556,1221,2023-02-13,2018,7,120.83,EUR
2557,1128,2023-09-29,2020,9,121.16,USD
2558,1250,2023-08-30,2005,5,72.37,USD
2559,1003,2023-06-04,2020,6,150.29,USD
2560,1477,2023-08-28,2009,9,94.71,DKK
2561,1188,2023-11-03,2001,9,83.8,USD
2562,1228,2023-10-07,2013,1,191.85,EUR
2563,1228,2023-05-27,2003,7,-6.21,EUR
2564,1255,2023-10-25,2011,2,133.96,EUR
2565,1382,2023-09-09,2003,6,80.68,DKK
2566,1496,2023-08-08,2019,1,104.14,EUR
2567,1297,2023-06-20,2019,7,63.64,DKK
2568,1204,2023-02-14,2034,7,41.41,EUR
2569,1230,2023-01-26,2032,7,114.18,SEK
2570,1189,2023-12-11,2009,4,57.07,DKK
2571,1449,2023-12-07,2035,5,129.59,EUR
2572,1188,2023-05-24,2021,4,-3.02,SEK
2573,1490,2023-03-12,2000,1,135.48,EUR
2574,1190,2023-12-25,2017,5,86.77,EUR
2575,1101,2023-05-26,2005,8,167.27,DKK
2576,1358,2023-05-30,2042,5,103.99,USD
2577,1477,2023-10-01,2033,9,129.71,USD
2578,1030,2023-03-25,2032,9,46.4,EUR
2579,1307,2023-01-13,2027,1,90.69,SEK
2580,1174,2023-01-02,2019,2,66.72,EUR
2581,1144,2023-09-27,2028,3,181.4,EUR
2582,1082,2023-12-24,2026,4,98.45,EUR
2583,1473,2023-09-06,2009,9,85.04,USD
2584,1016,2023-04-19,2044,3,172.53,USD
2585,1207,2023-09-05,2039,9,129.48,EUR
2586,1499,2023-12-29,2003,5,66.23,USD
2587,1351,2023-03-03,2013,3,68.34,EUR
2588,1483,2023-01-10,2000,2,76.92,DKK
2589,1447,2023-05-07,2047,3,121.1,DKK
2590,1110,2023-04-29,2028,4,142.59,EUR
2591,1109,2023-02-03,2042,6,103.23,EUR
2592,1266,2023-09-02,2014,4,131.41,EUR
2593,1235,2023-12-31,2024,1,40.29,EUR
2594,1386,2023-07-19,2035,7,160.8,DKK
2595,1112,2023-05-18,2020,6,159.33,EUR
2596,1321,2023-02-26,2020,3,137.9,DKK
2597,1194,2023-11-14,2021,3,71.09,USD
2598,1150,2023-06-06,2028,6,133.48,EUR
2599,1459,2023-02-24,2000,6,138.88,USD
2600,1491,2023-05-21,2025,2,132.23,EUR
2601,1313,2023-08-10,2024,2,98.24,DKK
2602,1173,2023-01-16,2022,7,88.4,EUR
2603,1362,2023-09-25,2026,4,36.08,EUR
2604,1218,2023-07-09,2002,6,28.85,DKK
2605,1443,2023-03-15,2034,9,88.31,EUR
2606,1194,2023-01-11,2044,4,76.89,EUR
2607,1007,2023-11-05,2026,7,96.59,DKK
2608,1392,2023-02-13,2048,8,140.07,EUR
2609,1283,2023-05-16,2007,9,133.17,USD
2610,1353,2023-05-18,2034,1,0.0,EUR
2611,1058,2023-06-19,2013,1,37.55,SEK
2612,1283,2023-03-23,2048,1,96.89,EUR
2613,1010,2023-09-18,2000,2,89.01,USD
2614,1124,2023-10-28,2039,7,119.79,EUR
2615,1464,2023-12-15,2018,2,141.48,EUR
2616,1289,2023-04-03,2022,4,98.52,EUR
2617,1339,2023-03-10,2040,3,136.55,EUR
2618,1483,2023-12-27,2023,8,108.56,EUR
2619,1041,2023-06-13,2035,5,236.77,EUR
2620,1402,2023-11-13,2035,6,149.6,EUR
2621,1294,2023-10-05,2008,7,139.69,EUR
2622,1476,2023-05-13,2024,8,92.42,EUR
2623,1232,2023-12-17,2043,2,-57.22,EUR
2624,1068,2023-12-26,2002,2,41.81,USD
2625,1293,2023-08-02,2005,5,5.34,EUR
2626,1481,2023-09-13,2019,3,127.77,EUR
2627,1372,2023-01-21,2012,9,149.62,DKK
2628,1001,2023-01-04,2026,4,63.32,EUR
2629,1405,2023-03-01,2015,5,112.88,DKK
2630,1040,2023-10-28,2032,9,41.55,SEK
2631,1378,2023-10-05,2012,2,129.72,USD
2632,1106,2023-10-28,2045,8,104.17,SEK
2633,1439,2023-05-10,2009,9,130.44,EUR
2634,1398,2023-11-16,2032,4,81.38,USD
2635,1449,2023-04-29,2008,8,26.36,SEK
2636,1495,2023-12-09,2045,7,118.64,USD
2637,1144,2023-10-22,2033,2,68.26,USD
2638,1444,2023-04-03,2047,6,169.74,SEK
2639,1477,2023-01-03,2048,2,122.45,EUR
2640,1310,2023-03-03,2028,6,153.67,EUR
2641,1117,2023-11-21,2010,6,77.44,SEK
2642,1309,2023-05-01,2019,1,136.57,DKK
2643,1386,2023-05-09,2006,4,92.16,EUR
2644,1117,2023-07-06,2046,9,129.66,EUR
2645,1274,2023-10-30,2041,2,184.14,DKK
2646,1349,2023-11-12,2001,6,109.76,DKK
2647,1240,2023-07-28,2018,5,103.51,EUR
2648,1374,2023-02-08,2009,7,10.87,DKK
2649,1223,2023-04-02,2042,3,134.7,EUR
2650,1265,2023-12-09,2012,9,105.75,EUR
2651,1285,2023-10-23,2029,9,168.6,EUR
2652,1198,2023-03-08,2033,1,73.47,DKK
2653,1376,2023-12-21,2026,2,55.25,EUR
2654,1176,2023-09-28,2049,6,157.65,EUR
2655,1067,2023-09-17,2013,4,39.26,EUR
2656,1100,2023-12-31,2007,7,60.23,EUR
2657,1020,2023-03-10,2043,5,67.01,EUR
2658,1354,2023-11-22,2019,7,108.44,EUR
2659,1402,2023-07-02,2042,7,109.97,EUR
2660,1295,2023-12-26,2042,9,65.27,DKK
2661,1242,2023-06-03,2033,4,61.93,SEK
2662,1495,2023-07-18,2010,9,172.26,EUR
2663,1239,2023-01-05,2027,3,72.41,EUR
2664,1154,2023-06-22,2034,6,80.14,USD
2665,1024,2023-12-15,2016,9,165.75,USD
2666,1184,2023-12-12,2016,9,175.06,EUR
2667,1019,2023-06-10,2008,3,35.78,DKK
2668,1330,2023-10-17,2013,9,100.85,EUR
2669,1178,2023-03-27,2013,1,106.38,EUR
2670,1032,2023-04-20,2031,1,57.21,SEK
2671,1071,2023-06-23,2044,2,147.9,USD
2672,1317,2023-05-07,2028,3,99.88,EUR
2673,1056,2023-04-26,2020,1,159.35,USD
2674,1475,2023-10-20,2038,6,122.32,EUR
2675,1302,2023-10-22,2037,5,0.23,DKK
2676,1479,2023-09-22,2009,3,79.56,DKK
2677,1324,2023-05-23,2042,5,67.46,EUR
2678,1089,2023-01-14,2015,3,95.45,EUR
2679,1398,2023-07-28,2026,9,167.09,EUR
2680,1114,2023-11-02,2011,7,204.3,EUR
2681,1161,2023-06-12,2026,2,-5.0,USD
2682,1330,2023-07-13,2025,3,130.54,EUR
2683,1279,2023-07-14,2017,5,34.0,SEK
2684,1362,2023-02-12,2033,4,81.71,USD
2685,1175,2023-07-31,2036,5,145.2,EUR
2686,1468,2023-03-31,2017,6,149.42,USD
2687,1341,2023-01-24,2034,6,147.33,EUR
2688,1452,2023-04-09,2008,1,38.86,EUR
2689,1454,2023-11-27,2016,6,38.0,EUR
2690,1336,2023-08-28,2029,6,27.06,EUR
2691,1356,2023-01-31,2022,5,160.15,SEK
2692,1291,2023-12-15,2036,8,133.1,EUR
2693,1238,2023-12-03,2048,2,115.27,EUR
2694,1435,2023-05-17,2049,6,93.66,EUR
2695,1342,2023-04-13,2034,3,141.24,EUR
2696,1491,2023-04-17,2044,3,107.53,EUR
2697,1414,2023-11-30,2008,2,89.35,DKK
2698,1297,2023-02-04,2040,3,150.33,EUR
2699,1266,2023-07-23,2023,3,-5.0,DKK
2700,1266,2023-09-05,2009,3,100.29,EUR
2701,1413,2023-08-10,2000,6,158.43,USD
2702,1421,2023-07-19,2010,7,172.27,EUR
2703,1143,2023-02-02,2016,6,26.27,EUR
2704,1085,2023-02-27,2027,4,138.34,EUR
2705,1382,2023-12-29,2025,2,92.4,EUR
2706,1299,2023-01-18,2036,8,43.41,USD
2707,1307,2023-09-16,2005,7,171.61,DKK
2708,1098,2023-03-18,2019,8,21.7,USD
2709,1124,2023-05-03,2017,7,183.32,SEK
2710,1358,2023-10-09,2015,9,126.63,USD
2711,1466,2023-02-15,2048,3,48.87,EUR
2712,1102,2023-09-18,2046,6,58.16,EUR
2713,1027,2023-07-07,2012,9,42.68,EUR
2714,1264,2023-08-20,2047,3,145.0,DKK
2715,1128,2023-08-17,2048,1,26.02,USD
2716,1498,2023-04-21,2000,2,125.96,EUR
2717,1193,2023-02-06,2024,8,64.54,DKK
2718,1348,2023-07-02,2023,6,123.7,EUR
2719,1036,2023-04-19,2030,8,119.51,DKK
2720,1057,2023-08-04,2004,8,33.92,EUR
2721,1365,2023-04-08,2004,1,146.73,DKK
2722,1094,2023-08-14,2004,7,39.94,EUR
2723,1238,2023-12-31,2026,7,106.86,DKK
2724,1496,2023-05-28,2026,2,43.55,EUR
2725,1196,2023-06-03,2022,1,17.91,EUR
2726,1452,2023-01-25,2049,3,62.07,EUR
2727,1018,2023-05-31,2022,1,165.86,DKK
2728,1304,2023-07-21,2004,3,82.72,EUR
2729,1391,2023-02-11,2022,3,69.06,USD
2730,1181,2023-04-06,2019,6,77.44,DKK
2731,1345,2023-12-01,2004,7,133.91,DKK
2732,1330,2023-12-22,2029,1,1.08,USD
2733,1253,2023-12-12,2009,1,153.29,EUR
2734,1044,2023-10-18,2036,5,89.0,USD
2735,1265,2023-08-13,2024,8,175.71,EUR
2736,1319,2023-02-11,2038,3,145.11,EUR
2737,1127,2023-01-06,2018,1,122.11,SEK
2738,1294,2023-11-30,2032,5,-27.7,USD
2739,1236,2023-09-09,2029,5,6.95,DKK
2740,1290,2023-03-17,2011,4,67.7,USD
2741,1344,2023-11-08,2002,6,220.58,EUR
2742,1308,2023-08-10,2004,8,134.41,USD
2743,1392,2023-08-11,2048,1,38.29,EUR
2744,1039,2023-08-29,2011,2,45.31,SEK
2745,1315,2023-10-03,2049,9,86.11,EUR
2746,1178,2023-05-08,2025,5,89.45,EUR
2747,1436,2023-02-02,2000,9,121.81,EUR
2748,1105,2023-02-07,2018,5,68.23,EUR
2749,1261,2023-02-13,2045,1,30.25,DKK
2750,1106,2023-06-04,2027,9,163.77,SEK
2751,1293,2023-04-28,2047,2,68.77,USD
2752,1194,2023-02-19,2036,1,55.15,EUR
2753,1437,2023-01-10,2014,2,63.15,SEK
2754,1204,2023-01-28,2001,4,88.66,USD
2755,1120,2023-03-21,2026,2,102.52,EUR
2756,1302,2023-03-15,2010,9,78.82,EUR
2757,1058,2023-06-21,2003,1,0.0,DKK
2758,1269,2023-02-22,2018,2,88.91,USD
2759,1447,2023-11-19,2040,7,135.56,EUR
2760,1396,2023-03-22,2028,2,77.79,USD
2761,1447,2023-07-10,2029,9,124.42,EUR
2762,1172,2023-11-04,2019,2,30.99,DKK
2763,1014,2023-02-22,2020,4,87.89,EUR
2764,1211,2023-03-04,2013,6,160.26,DKK
2765,1446,2023-01-18,2036,5,151.93,USD
2766,1455,2023-03-30,2036,9,94.8,EUR
2767,1281,2023-10-04,2028,5,144.23,SEK
2768,1251,2023-12-26,2002,5,83.74,DKK
2769,1362,2023-03-30,2034,5,41.06,DKK
2770,1322,2023-11-09,2006,1,58.39,USD
2771,1151,2023-10-15,2029,3,148.27,EUR
2772,1263,2023-03-13,2002,4,191.25,EUR
2773,1081,2023-04-30,2019,8,50.38,DKK
2774,1321,2023-05-10,2016,3,144.78,EUR
2775,1250,2023-09-17,2003,7,19.78,USD
2776,1060,2023-06-15,2009,7,118.9,USD
2777,1144,2023-08-20,2012,4,86.75,EUR
2778,1222,2023-07-27,2033,6,63.15,USD
2779,1176,2023-03-01,2012,3,75.91,EUR
2780,1229,2023-10-27,2046,9,17.36,EUR
2781,1258,2023-11-09,2019,6,25.13,EUR
2782,1175,2023-05-07,2022,7,58.13,DKK
2783,1373,2023-10-09,2028,8,142.97,DKK
2784,1106,2023-08-15,2046,8,85.73,EUR
2785,1262,2023-08-17,2037,1,94.69,USD
2786,1378,2023-11-06,2000,4,27.2,DKK
2787,1328,2023-07-22,2044,7,102.9,EUR
2788,1490,2023-05-14,2048,8,14.8,USD
2789,1276,2023-04-27,2017,4,125.05,EUR
2790,1204,2023-06-10,2038,9,244.31,USD
2791,1115,2023-02-27,2028,5,18.57,DKK
2792,1075,2023-03-18,2027,7,98.54,EUR
2793,1406,2023-08-31,2009,9,34.25,DKK
2794,1339,2023-02-19,2001,6,30.97,EUR
2795,1083,2023-06-25,2049,9,183.79,
2796,1495,2023-03-28,2038,1,-16.87,DKK
2797,1183,2023-10-22,2008,8,42.54,USD
2798,1499,2023-08-29,2018,6,59.85,EUR
2799,1280,2023-03-18,2033,4,89.51,EUR
2800,1321,2023-04-02,2012,5,-2.37,EUR
2801,1064,2023-04-06,2029,6,161.31,SEK
2802,1344,2023-09-01,2039,9,117.16,EUR
2803,1374,2023-01-12,2023,3,-5.0,USD
2804,1304,2023-03-18,2004,8,125.02,EUR
2805,1316,2023-10-25,2044,8,116.67,DKK
2806,1270,2023-10-19,2039,3,130.83,EUR
2807,1199,2023-12-13,2003,6,59.21,SEK
2808,1481,2023-09-02,2001,1,33.3,EUR
2809,1344,2023-06-03,2007,8,91.29,EUR
2810,1351,2023-11-16,2045,3,25.73,EUR
2811,1003,2023-09-12,2046,8,52.78,EUR
2812,1070,2023-09-17,2048,9,14.49,EUR
2813,1174,2023-09-05,2047,5,71.71,EUR
2814,1113,2023-12-11,2041,3,64.11,DKK
2815,1263,2023-02-16,2023,7,105.88,EUR
2816,1486,2023-10-26,2038,9,103.38,EUR
2817,1074,2023-01-22,2029,9,27.05,EUR
2818,1278,2023-04-25,2025,6,216.19,EUR
2819,1265,2023-09-23,2034,4,43.22,EUR
2820,1496,2023-05-18,2005,4,141.21,EUR
2821,1491,2023-04-30,2010,1,7.74,DKK
2822,1257,2023-10-08,2023,4,116.32,EUR
2823,1441,2023-05-03,2018,2,60.61,EUR
2824,1454,2023-07-06,2032,4,72.8,SEK
2825,1433,2023-09-10,2025,3,0.0,EUR
2826,1089,2023-12-21,2020,7,67.39,DKK
2827,1120,2023-08-13,2042,4,256.05,USD
2828,1114,2023-05-30,2029,8,171.29,DKK
2829,1078,2023-06-26,2007,1,66.32,EUR
2830,1020,2023-04-13,2039,3,60.92,DKK
2831,1124,2023-06-08,2003,5,123.97,EUR
2832,1453,2023-09-26,2031,7,35.78,EUR
2833,1249,2023-10-29,2017,8,71.24,EUR
2834,1007,2023-11-04,2047,5,61.22,EUR
2835,1255,2023-03-13,2006,5,66.48,SEK
2836,1098,2023-02-08,2022,6,154.22,USD
2837,1434,2023-10-13,2031,8,62.5,EUR
2838,1262,2023-03-07,2017,8,138.1,EUR
2839,1299,2023-03-10,2023,9,84.5,DKK
2840,1460,2023-03-16,2045,3,30.96,DKK
2841,1309,2023-08-15,2028,4,-44.74,EUR
2842,1488,2023-04-17,2025,9,72.2,EUR
2843,1378,2023-04-09,2006,6,137.7,DKK
2844,1050,2023-09-12,2033,9,99.78,SEK
2845,1230,2023-12-05,2042,6,134.23,USD
2846,1395,2023-09-07,2030,3,115.88,USD
2847,1343,2023-10-13,2048,8,18.08,USD
2848,1297,2023-03-26,2043,3,105.41,DKK
2849,1277,2023-11-15,2039,4,143.5,SEK
2850,1473,2023-09-22,2030,4,112.41,EUR
2851,1270,2023-02-16,2048,5,188.55,SEK
2852,1235,2023-12-28,2026,7,92.43,SEK
2853,1229,2023-01-12,2018,9,45.02,EUR
2854,1231,2023-03-25,2002,5,147.57,EUR
2855,1426,2023-09-08,2045,7,79.7,EUR
2856,1293,2023-11-16,2031,3,86.58,EUR
2857,1429,2023-11-20,2006,9,59.9,USD
2858,1488,2023-03-05,2014,5,217.01,USD
2859,1314,2023-01-18,2015,4,94.01,DKK
2860,1273,2023-11-14,2006,3,59.99,EUR
2861,1182,2023-08-24,2037,2,138.7,EUR
2862,1320,2023-11-09,2007,7,22.55,USD
2863,1378,2023-03-04,2035,1,161.35,EUR
2864,1191,2023-11-21,2038,4,114.24,SEK
2865,1425,2023-09-06,2014,2,96.82,EUR
2866,1253,2023-05-18,2004,9,71.08,DKK
2867,1248,2023-08-29,2039,8,87.75,DKK
2868,1135,2023-01-26,2036,3,100.6,DKK
2869,1162,2023-04-15,2033,2,165.38,USD
2870,1234,2023-07-12,2039,9,110.26,EUR
2871,1045,2023-09-07,2002,7,77.18,EUR
2872,1207,2023-11-19,2047,4,193.37,EUR
2873,1175,2023-08-23,2012,4,91.55,USD
2874,1460,2023-05-16,2026,4,64.21,DKK
2875,1279,2023-06-12,2021,5,118.98,USD
2876,1332,2023-01-23,2023,4,27.74,EUR
2877,1237,2023-09-21,2031,4,116.31,EUR
2878,1392,2023-03-03,2007,6,118.82,EUR
2879,1430,2023-12-13,2023,9,42.97,EUR
2880,1029,2023-11-13,2023,4,70.02,DKK
2881,1452,2023-09-19,2045,3,30.26,DKK
2882,1320,2023-09-16,2047,2,-8.3,DKK
2883,1460,2023-10-15,2031,6,116.29,EUR
2884,1481,2023-05-13,2047,7,87.15,EUR
2885,1317,2023-05-02,2028,3,126.54,EUR
2886,1075,2023-05-01,2020,1,73.77,USD
2887,1498,2023-09-27,2008,6,79.77,USD
2888,1073,2023-02-02,2021,5,119.18,EUR
2889,1238,2023-12-08,2047,9,54.06,USD
2890,1446,2023-05-09,2016,6,132.35,USD
2891,1305,2023-02-02,2046,4,0.0,EUR
2892,1474,2023-04-04,2011,3,29.95,USD
2893,1371,2023-11-11,2027,3,174.21,EUR
2894,1375,2023-08-11,2042,3,109.65,EUR
2895,1142,2023-01-14,2014,6,43.22,EUR
2896,1365,2023-02-15,2024,9,139.74,EUR
2897,1350,2023-03-11,2017,8,130.94,EUR
2898,1340,2023-06-23,2039,6,47.18,DKK
2899,1489,2023-09-04,2012,2,96.03,EUR
2900,1483,2023-05-23,2018,4,184.76,USD
2901,1193,2023-06-10,2046,2,126.23,EUR
2902,1037,2023-07-04,2019,7,153.03,USD
2903,1100,2023-07-09,2041,8,147.43,EUR
2904,1120,2023-01-15,2001,1,199.56,USD
2905,1479,2023-12-16,2049,2,155.87,USD
2906,1369,2023-09-08,2023,6,82.46,EUR
2907,1010,2023-04-22,2043,3,135.25,USD
2908,1029,2023-08-23,2022,9,92.09,DKK
2909,1059,2023-05-30,2030,3,69.55,USD
2910,1148,2023-03-02,2046,6,101.1,EUR
2911,1439,2023-12-19,2003,1,136.44,EUR
2912,1350,2023-05-02,2033,1,65.28,EUR
2913,1301,2023-01-14,2018,3,129.52,EUR
2914,1415,2023-10-08,2017,3,20.7,EUR
2915,1374,2023-05-27,2031,7,86.02,USD
2916,1492,2023-08-01,2043,5,34.81,SEK
2917,1231,2023-10-12,2048,7,62.66,USD
2918,1242,2023-12-20,2012,3,51.0,EUR
2919,1023,2023-10-05,2019,9,1.79,EUR
2920,1052,2023-05-14,2009,4,126.88,EUR
2921,1485,2023-08-04,2048,8,-18.61,USD
2922,1473,2023-05-07,2045,6,60.42,USD
2923,1284,2023-01-05,2028,3,61.92,EUR
2924,1469,2023-08-18,2037,1,121.2,SEK
2925,1450,2023-04-15,2047,4,128.49,USD
2926,1441,2023-11-04,2006,6,140.5,SEK
2927,1438,2023-12-12,2003,1,59.34,DKK
2928,1217,2023-06-01,2027,6,49.28,DKK
2929,1133,2023-09-04,2045,2,29.2,EUR
2930,1425,2023-05-21,2033,9,80.1,USD
2931,1414,2023-03-23,2036,2,79.15,EUR
2932,1308,2023-07-09,2002,9,8.89,SEK
2933,1198,2023-05-07,2005,8,66.34,DKK
2934,1263,2023-12-03,2010,6,81.14,USD
2935,1113,2023-03-08,2013,5,123.23,EUR
2936,1155,2023-01-15,2041,6,62.66,EUR
2937,1304,2023-07-18,2032,4,66.24,EUR
2938,1094,2023-10-07,2013,5,175.56,DKK
2939,1473,2023-09-03,2004,9,-20.28,SEK
2940,1486,2023-05-11,2017,4,133.19,EUR
2941,1488,2023-02-04,2027,7,114.68,EUR
2942,1401,2023-01-27,2048,8,81.35,EUR
2943,1346,2023-06-04,2033,4,68.41,EUR
2944,1184,2023-02-03,2037,1,164.7,USD
2945,1098,2023-07-25,2021,6,8.06,EUR
2946,1463,2023-04-07,2001,8,93.39,SEK
2947,1293,2023-12-16,2030,4,179.84,USD
2948,1175,2023-12-18,2004,9,-4.99,SEK
2949,1162,2023-03-23,2040,9,161.66,DKK
2950,1329,2023-11-21,2048,2,89.47,EUR
2951,1044,2023-12-14,2024,2,115.88,USD
2952,1374,2023-06-17,2026,3,0.0,USD
2953,1334,2023-06-01,2028,7,165.03,EUR
2954,1036,2023-01-16,2031,6,91.46,EUR
2955,1421,2023-04-01,2020,5,-0.62,EUR
2956,1494,2023-09-25,2001,8,22.32,EUR
2957,1430,2023-02-24,2016,1,165.26,USD
2958,1451,2023-06-04,2041,2,83.68,SEK
2959,1244,2023-10-16,2004,8,134.9,EUR
2960,1170,2023-08-11,2044,6,156.8,USD
2961,1115,2023-05-14,2016,8,126.21,EUR
2962,1076,2023-10-24,2047,8,170.71,DKK
2963,1468,2023-05-05,2035,7,165.99,USD
2964,1392,2023-02-02,2037,1,104.38,DKK
2965,1340,2023-08-15,2000,4,118.32,EUR
2966,1358,2023-01-30,2030,3,81.26,DKK
2967,1390,2023-01-19,2046,7,139.56,EUR
2968,1284,2023-05-04,2020,3,129.89,SEK
2969,1370,2023-06-26,2024,4,160.28,EUR
2970,1093,2023-10-29,2030,9,174.0,USD
2971,1390,2023-10-31,2014,1,130.95,USD
2972,1169,2023-10-22,2007,2,61.43,USD
2973,1247,2023-01-10,2018,5,82.84,EUR
2974,1111,2023-12-18,2047,4,53.69,DKK
2975,1165,2023-07-24,2048,4,2.26,USD
2976,1356,2023-03-22,2043,7,58.56,SEK
2977,1214,2023-01-08,2026,5,-0.76,EUR
2978,1415,2023-12-02,2006,8,104.97,EUR
2979,1134,2023-01-03,2011,6,176.67,DKK
2980,1059,2023-09-21,2017,2,135.68,EUR
2981,1131,2023-02-05,2019,4,159.11,EUR
2982,1148,2023-07-11,2024,5,73.34,EUR
2983,1477,2023-12-02,2033,3,114.03,SEK
2984,1213,2023-12-12,2020,5,117.28,USD
2985,1410,2023-10-15,2045,3,49.8,USD
2986,1084,2023-09-20,2005,9,49.6,USD
2987,1174,2023-01-27,2044,4,188.03,DKK
2988,1344,2023-07-29,2004,7,101.62,EUR
2989,1082,2023-01-30,2042,6,129.67,EUR
2990,1189,2023-10-21,2036,6,118.06,EUR
2991,1183,2023-07-27,2023,5,66.26,EUR
2992,1416,2023-04-04,2001,6,159.15,SEK
2993,1135,2023-01-29,2017,5,179.14,EUR
2994,1459,2023-09-16,2011,8,84.07,SEK
2995,1313,2023-12-10,2021,7,62.66,USD
2996,1228,2023-12-30,2028,8,88.94,DKK
2997,1183,2023-06-15,2019,5,92.79,EUR
2998,1020,2023-07-24,2020,5,72.8,EUR
2999,1352,2023-04-12,2038,5,80.39,EUR
3000,1487,2023-04-19,2041,1,130.71,EUR
3001,1141,2023-09-10,2047,5,151.93,EUR
3002,1169,2023-08-24,2000,2,47.41,USD
3003,1142,2023-01-27,2033,9,83.69,EUR
3004,1498,2023-11-13,2013,9,-34.79,EUR
3005,1423,2023-01-27,2005,2,90.81,EUR
3006,1374,2023-11-17,2045,7,140.59,EUR
3007,1494,2023-05-12,2030,3,100.26,EUR
3008,1351,2023-11-24,2024,5,179.49,SEK
3009,1185,2023-05-25,2004,9,70.04,EUR
3010,1458,2023-06-17,2007,1,38.04,SEK
3011,1258,2023-12-07,2007,3,186.37,EUR
3012,1257,2023-12-31,2040,9,171.08,EUR
3013,1254,2023-01-06,2012,9,90.12,SEK
3014,1356,2023-08-19,2029,3,60.15,EUR
3015,1340,2023-09-26,2015,4,57.34,SEK
3016,1350,2023-08-31,2048,1,68.69,EUR
3017,1455,2023-03-15,2048,9,149.15,EUR
3018,1145,2023-03-17,2002,3,22.98,SEK
3019,1135,2023-09-22,2031,1,109.76,EUR
3020,1487,2023-02-03,2010,9,120.35,DKK
3021,1408,2023-08-27,2000,1,54.99,USD
3022,1027,2023-07-10,2038,1,179.05,USD
3023,1314,2023-12-08,2044,6,185.72,DKK
3024,1114,2023-03-03,2007,1,206.47,DKK
3025,1347,2023-09-21,2046,3,69.44,EUR
3026,1248,2023-10-06,2005,2,109.48,SEK
3027,1189,2023-09-17,2027,5,222.77,USD
3028,1338,2023-02-20,2044,9,68.52,USD
3029,1455,2023-07-09,2028,6,119.26,EUR
3030,1228,2023-04-29,2035,8,80.06,EUR
3031,1340,2023-05-03,2045,1,79.06,DKK
3032,1403,2023-03-27,2038,5,112.38,DKK
3033,1496,2023-03-12,2009,7,109.84,EUR
3034,1327,2023-09-11,2015,9,93.41,DKK
3035,1416,2023-06-20,2027,5,114.06,EUR
3036,1028,2023-08-14,2045,2,71.02,USD
3037,1471,2023-11-03,2014,6,86.57,USD
3038,1021,2023-06-21,2011,6,81.35,USD
3039,1180,2023-12-18,2037,3,117.31,EUR
3040,1284,2023-04-14,2004,7,83.38,USD
3041,1280,2023-06-29,2009,9,46.49,DKK
3042,1355,2023-04-21,2005,4,67.67,DKK
3043,1417,2023-06-26,2045,8,39.98,USD
3044,1417,2023-10-16,2010,1,218.46,EUR
3045,1312,2023-02-19,2014,8,110.71,DKK
3046,1101,2023-08-07,2024,9,115.97,DKK
3047,1304,2023-02-10,2028,9,102.42,EUR
3048,1084,2023-04-19,2020,7,97.56,EUR
3049,1170,2023-08-11,2003,5,118.69,USD
3050,1194,2023-05-07,2018,6,50.31,EUR
3051,1219,2023-02-28,2004,4,136.42,DKK
3052,1262,2023-03-10,2009,7,30.44,EUR
3053,1425,2023-11-30,2039,3,76.41,DKK
3054,1249,2023-04-18,2027,6,55.03,DKK
3055,1011,2023-09-07,2006,1,79.78,USD
3056,1239,2023-04-16,2001,1,71.83,USD
3057,1322,2023-09-16,2028,9,111.5,USD
3058,1417,2023-07-11,2025,7,101.25,EUR
3059,1394,2023-02-22,2032,4,108.91,DKK
3060,1413,2023-10-21,2004,3,64.29,DKK
3061,1133,2023-03-26,2012,2,57.93,USD
3062,1015,2023-12-15,2017,9,101.6,EUR
3063,1128,2023-06-09,2001,9,71.42,EUR
3064,1002,2023-10-09,2020,8,97.76,USD
3065,1181,2023-04-25,2018,2,109.69,EUR
3066,1242,2023-06-14,2037,9,111.77,EUR
3067,1425,2023-09-08,2036,3,156.55,EUR
3068,1387,2023-02-21,2000,2,113.18,USD
3069,1184,2023-06-19,2023,7,100.54,DKK
3070,1050,2023-10-19,2035,4,83.6,EUR
3071,1097,2023-11-09,2041,5,101.79,DKK
3072,1317,2023-01-13,2046,6,97.15,EUR
3073,1285,2023-01-26,2022,6,109.33,EUR
3074,1348,2023-01-08,2046,8,121.71,DKK
3075,1432,2023-06-14,2018,6,100.95,EUR
3076,1348,2023-05-07,2015,3,158.18,SEK
3077,1298,2023-10-23,2014,7,166.49,EUR
3078,1409,2023-08-22,2042,8,166.26,USD
3079,1253,2023-02-13,2009,6,138.68,DKK
3080,1080,2023-08-17,2044,8,85.16,DKK
3081,1485,2023-03-30,2016,4,58.98,EUR
3082,1417,2023-08-05,2033,8,46.64,EUR
3083,1437,2023-08-16,2027,8,127.97,EUR
3084,1353,2023-03-30,2002,8,107.54,EUR
3085,1344,2023-01-26,2017,4,117.65,EUR
3086,1451,2023-09-23,2015,5,127.35,EUR
3087,1089,2023-01-05,2016,4,129.07,EUR
3088,1091,2023-03-15,2001,9,67.86,DKK
3089,1419,2023-06-19,2040,2,216.31,DKK
3090,1307,2023-07-13,2020,2,132.6,USD
3091,1361,2023-10-14,2040,4,70.88,EUR
3092,1190,2023-11-06,2005,3,146.59,EUR
3093,1383,2023-05-13,2000,9,-5.0,EUR
3094,1215,2023-04-26,2021,4,84.4,USD
3095,1380,2023-11-05,2015,8,41.57,DKK
3096,1493,2023-05-28,2034,1,157.51,USD
3097,1289,2023-03-12,2042,6,34.6,EUR
3098,1104,2023-06-03,2006,7,130.91,EUR
3099,1405,2023-07-03,2018,2,56.54,USD
3100,1487,2023-11-15,2013,5,180.04,USD
3101,1207,2023-06-10,2006,3,21.94,EUR
3102,1071,2023-02-22,2008,9,186.38,EUR
3103,1137,2023-12-24,2004,1,61.54,DKK
3104,1074,2023-02-11,2022,7,93.33,EUR
3105,1326,2023-12-30,2044,1,165.33,EUR
3106,1294,2023-04-30,2026,5,-19.48,EUR
3107,1302,2023-07-01,2040,6,104.14,SEK
3108,1218,2023-08-21,2003,9,76.77,EUR
3109,1195,2023-11-12,2008,3,175.38,EUR
3110,1423,2023-12-06,2017,2,121.9,DKK
3111,1115,2023-11-18,2031,5,113.18,DKK
3112,1270,2023-04-28,2045,5,111.72,USD
3113,1413,2023-06-02,2009,4,144.28,DKK
3114,1457,2023-06-25,2034,9,134.81,USD
3115,1293,2023-11-11,2041,7,42.09,EUR
3116,1234,2023-06-15,2045,4,16.99,DKK
3117,1207,2023-08-16,2000,7,81.91,EUR
3118,1431,2023-07-04,2043,8,-40.62,EUR
3119,1098,2023-04-14,2000,7,139.67,DKK
3120,1421,2023-03-21,2043,3,129.46,EUR
3121,1324,2023-02-03,2013,3,76.92,EUR
3122,1191,2023-02-20,2011,9,75.27,DKK
3123,1267,2023-03-13,2032,4,97.68,DKK
3124,1433,2023-05-05,2029,1,117.51,USD
3125,1059,2023-06-14,2049,5,180.46,EUR
3126,1348,2023-02-24,2036,2,57.11,DKK
3127,1088,2023-10-02,2024,6,91.6,USD
3128,1005,2023-05-15,2001,3,174.53,EUR
3129,1289,2023-02-12,2039,1,80.87,EUR
3130,1253,2023-06-19,2024,4,118.31,DKK
3131,1340,2023-11-11,2020,6,108.91,EUR
3132,1006,2023-04-21,2002,9,31.76,EUR
3133,1142,2023-10-29,2004,6,77.81,USD
3134,1028,2023-01-08,2000,6,95.11,EUR
3135,1394,2023-02-12,2011,7,79.38,USD
3136,1167,2023-02-28,2020,7,83.89,USD
3137,1366,2023-08-12,2018,7,112.58,EUR
3138,1087,2023-05-25,2039,2,130.74,DKK
3139,1154,2023-10-14,2026,8,65.13,EUR
3140,1280,2023-03-05,2013,6,38.3,EUR
3141,1094,2023-05-02,2004,3,73.86,EUR
3142,1449,2023-05-12,2019,6,123.76,USD
3143,1377,2023-04-15,2018,4,111.9,SEK
3144,1069,2023-02-17,2010,8,65.06,EUR
3145,1352,2023-04-23,2017,9,129.37,DKK
3146,1269,2023-08-06,2009,8,90.21,EUR
3147,1217,2023-02-11,2027,3,106.68,EUR
3148,1238,2023-08-19,2018,2,48.47,EUR
3149,1309,2023-06-13,2041,4,63.16,DKK
3150,1034,2023-12-27,2041,7,136.4,EUR
3151,1352,2023-04-09,2022,7,79.32,EUR
3152,1331,2023-06-01,2009,2,122.03,EUR
3153,1296,2023-06-30,2020,5,66.42,SEK
3154,1286,2023-09-16,2023,1,63.71,DKK
3155,1205,2023-06-10,2024,8,86.5,USD
3156,1357,2023-01-06,2025,6,68.38,EUR
3157,1147,2023-03-26,2026,7,96.66,DKK
3158,1145,2023-10-09,2003,4,95.95,EUR
3159,1353,2023-12-28,2037,8,70.67,SEK
3160,1148,2023-04-10,2039,6,92.57,EUR
3161,1492,2023-01-17,2023,2,50.3,USD
3162,1229,2023-11-12,2016,9,128.77,EUR
3163,1383,2023-07-15,2046,6,-5.5,EUR
3164,1251,2023-01-18,2047,4,177.99,EUR
3165,1125,2023-07-16,2013,6,160.35,USD
3166,1333,2023-01-14,2028,1,169.14,EUR
3167,1386,2023-12-09,2019,9,104.47,EUR
3168,1304,2023-06-28,2017,8,107.4,USD
3169,1497,2023-09-17,2042,6,90.28,DKK
3170,1154,2023-01-24,2038,9,14.32,USD
3171,1345,2023-05-15,2025,9,137.09,EUR
3172,1341,2023-11-30,2000,6,18.04,SEK
3173,1348,2023-12-18,2030,2,1.63,USD
3174,1241,2023-10-05,2016,1,128.18,EUR
3175,1039,2023-10-12,2011,2,94.07,DKK
3176,1035,2023-01-22,2028,3,73.4,USD
3177,1209,2023-07-12,2008,7,174.57,SEK
3178,1289,2023-08-01,2023,2,35.02,SEK
3179,1299,2023-03-26,2029,2,135.67,SEK
3180,1280,2023-11-27,2009,9,113.86,DKK
3181,1091,2023-10-27,2046,3,88.63,EUR
3182,1268,2023-12-17,2040,4,112.36,EUR
3183,1039,2023-09-17,2030,3,75.37,EUR
3184,1115,2023-12-20,2029,9,169.74,DKK
3185,1454,2023-07-03,2023,5,6.7,EUR
3186,1011,2023-07-24,2023,7,95.92,EUR
3187,1065,2023-06-02,2048,9,137.67,USD
3188,1051,2023-02-02,2005,3,125.88,EUR
3189,1085,2023-01-10,2049,1,163.45,EUR
3190,1133,2023-05-27,2034,4,107.82,EUR
3191,1087,2023-10-02,2031,8,126.76,DKK
3192,1468,2023-01-03,2011,6,90.27,DKK
3193,1401,2023-08-01,2006,2,66.79,EUR
3194,1382,2023-06-07,2000,4,137.22,EUR
3195,1016,2023-08-11,2026,3,26.88,EUR
3196,1076,2023-10-30,2003,9,147.84,EUR
3197,1197,2023-11-13,2029,9,25.79,DKK
3198,1387,2023-10-26,2010,2,86.17,EUR
3199,1250,2023-09-08,2038,7,96.65,EUR
3200,1074,2023-01-06,2036,7,74.04,EUR
3201,1470,2023-12-12,2044,8,84.18,USD
3202,1097,2023-08-21,2038,4,99.9,USD
3203,1005,2023-02-28,2011,8,177.38,SEK
3204,1120,2023-01-31,2044,4,160.27,EUR
3205,1161,2023-11-08,2049,4,143.67,USD
3206,1240,2023-11-11,2020,2,94.6,EUR
3207,1416,2023-06-24,2017,8,146.03,EUR
3208,1199,2023-12-24,2037,4,202.47,EUR
3209,1394,2023-02-05,2036,9,122.68,EUR
3210,1056,2023-02-25,2007,1,88.56,EUR
3211,1142,2023-10-04,2049,7,150.0,EUR
3212,1333,2023-11-06,2024,4,57.2,EUR
3213,1170,2023-12-26,2025,2,141.78,EUR
3214,1068,2023-10-02,2009,2,182.67,EUR
3215,1436,2023-11-13,2003,7,134.8,DKK
3216,1106,2023-02-06,2020,2,63.42,EUR
3217,1003,2023-04-13,2002,3,23.03,USD
3218,1163,2023-08-23,2004,6,83.5,DKK
3219,1125,2023-04-10,2003,9,149.66,EUR
3220,1132,2023-02-23,2022,1,138.38,EUR
3221,1479,2023-12-10,2039,9,80.77,DKK
3222,1475,2023-04-03,2029,9,89.74,DKK
3223,1427,2023-05-14,2022,6,91.49,EUR
3224,1122,2023-12-07,2047,2,96.08,EUR
3225,1185,2023-03-15,2025,6,-13.65,DKK
3226,1166,2023-11-21,2026,9,172.0,USD
3227,1054,2023-12-02,2006,7,63.26,EUR
3228,1060,2023-11-15,2023,2,99.76,USD
3229,1474,2023-09-01,2019,5,103.78,DKK
3230,1472,2023-10-22,2036,9,104.87,EUR
3231,1101,2023-10-22,2008,2,74.4,SEK
3232,1081,2023-06-20,2018,5,38.88,EUR
3233,1248,2023-05-06,2044,9,105.85,EUR
3234,1317,2023-11-04,2031,2,134.74,USD
3235,1422,2023-03-09,2025,8,108.3,EUR
3236,1365,2023-06-10,2047,8,93.06,USD
3237,1141,2023-08-27,2005,2,155.52,EUR
3238,1039,2023-09-22,2019,3,61.7,EUR
3239,1083,2023-02-03,2028,7,0.0,SEK
3240,1345,2023-12-13,2032,6,124.78,DKK
3241,1315,2023-10-28,2023,6,97.16,EUR
3242,1272,2023-05-30,2044,4,153.42,EUR
3243,1157,2023-05-23,2010,9,91.08,USD
3244,1364,2023-09-04,2001,7,105.72,EUR
3245,1375,2023-10-28,2019,5,-3.14,SEK
3246,1364,2023-10-27,2018,4,109.1,SEK
3247,1023,2023-08-19,2030,7,0.0,EUR
3248,1235,2023-05-03,2018,4,129.56,USD
3249,1352,2023-03-17,2015,2,132.49,DKK
3250,1411,2023-10-17,2037,6,43.22,EUR
3251,1163,2023-02-06,2038,3,126.06,DKK
3252,1060,2023-10-13,2010,9,19.48,EUR
3253,1071,2023-12-20,2010,4,108.34,USD
3254,1419,2023-10-08,2009,6,144.8,DKK
3255,1000,2023-10-12,2016,7,89.19,EUR
3256,1329,2023-05-04,2045,8,132.89,USD
3257,1089,2023-12-27,2046,3,126.21,EUR
3258,1255,2023-05-07,2004,5,148.67,USD
3259,1329,2023-12-02,2048,5,75.04,EUR
3260,1077,2023-09-29,2043,8,184.77,DKK
3261,1134,2023-01-05,2048,1,45.09,USD
3262,1260,2023-09-28,2040,9,129.64,DKK
3263,1085,2023-03-02,2021,9,64.73,EUR
3264,1113,2023-04-03,2010,5,8.68,USD
3265,1102,2023-10-08,2032,4,154.88,USD
3266,1405,2023-07-30,2028,5,68.71,USD
3267,1135,2023-03-09,2048,7,81.89,EUR
3268,1255,2023-04-29,2042,3,57.65,EUR
3269,1362,2023-10-10,2033,6,107.31,EUR
3270,1345,2023-08-05,2006,6,32.2,EUR
3271,1109,2023-09-18,2009,7,50.42,DKK
3272,1471,2023-09-05,2004,3,55.04,DKK
3273,1052,2023-02-19,2004,5,87.74,SEK
3274,1458,2023-07-30,2039,9,21.13,USD
3275,1463,2023-09-06,2037,7,127.91,EUR
3276,1323,2023-03-25,2003,8,85.91,EUR
3277,1341,2023-09-22,2047,8,92.93,EUR
3278,1409,2023-03-20,2003,9,86.8,SEK
3279,1134,2023-04-19,2045,5,61.56,DKK
3280,1242,2023-04-29,2012,6,76.41,DKK
3281,1227,2023-09-08,2035,9,104.09,EUR
3282,1264,2023-04-13,2046,4,106.26,DKK
3283,1084,2023-01-19,2011,5,147.2,USD
3284,1469,2023-06-03,2017,3,115.12,EUR
3285,1271,2023-03-20,2013,3,111.87,EUR
3286,1014,2023-08-14,2005,6,129.07,SEK
3287,1432,2023-08-16,2030,4,54.1,EUR
3288,1186,2023-11-12,2037,4,157.72,EUR
3289,1491,2023-08-23,2021,8,55.2,EUR
3290,1219,2023-07-30,2044,1,133.39,EUR
3291,1347,2023-08-15,2038,8,114.9,USD
3292,1072,2023-01-28,2016,3,130.06,USD
3293,1419,2023-01-26,2014,2,105.95,EUR
3294,1116,2023-11-10,2025,2,95.04,EUR
3295,1397,2023-11-30,2010,2,92.18,EUR
3296,1315,2023-05-08,2013,9,182.64,EUR
3297,1256,2023-12-17,2015,7,127.35,DKK
3298,1459,2023-12-14,2037,3,81.87,EUR
3299,1093,2023-11-14,2041,7,135.25,EUR
3300,1263,2023-08-15,2029,9,105.43,DKK
3301,1131,2023-12-04,2047,8,59.67,DKK
3302,1180,2023-01-18,2047,2,139.77,DKK
3303,1431,2023-05-02,2045,9,166.02,EUR
3304,1016,2023-01-29,2049,2,119.66,DKK
3305,1251,2023-01-02,2013,2,190.81,USD
3306,1479,2023-08-17,2041,3,-1.62,EUR
3307,1033,2023-04-02,2020,3,116.63,SEK
3308,1481,2023-03-12,2041,3,111.96,EUR
3309,1317,2023-06-06,2010,4,-18.34,DKK
3310,1009,2023-11-04,2028,9,49.29,DKK
3311,1450,2023-08-23,2032,7,79.36,USD
3312,1239,2023-07-28,2033,4,52.71,SEK
3313,1364,2023-04-10,2025,6,109.24,USD
3314,1456,2023-03-28,2048,2,54.86,EUR
3315,1438,2023-01-04,2006,7,78.29,DKK
3316,1494,2023-07-17,2041,4,191.36,DKK
3317,1292,2023-09-11,2025,5,38.6,EUR
3318,1394,2023-05-24,2021,2,93.8,EUR
3319,1247,2023-11-07,2011,5,104.89,SEK
3320,1031,2023-04-27,2028,4,96.96,EUR
3321,1186,2023-11-06,2015,9,161.0,USD
3322,1268,2023-12-06,2014,6,152.14,EUR
3323,1039,2023-09-10,2042,2,75.67,DKK
3324,1326,2023-03-19,2021,4,-5.0,DKK
3325,1429,2023-12-29,2035,7,50.16,DKK
3326,1085,2023-05-02,2025,4,111.82,EUR
3327,1385,2023-12-27,2021,9,68.23,EUR
3328,1008,2023-03-08,2034,5,184.91,DKK
3329,1023,2023-09-14,2019,4,145.52,EUR
3330,1366,2023-12-20,2037,9,92.61,EUR
3331,1262,2023-05-19,2016,1,48.9,EUR
3332,1053,2023-06-15,2003,2,50.63,USD
3333,1273,2023-10-13,2014,4,0.68,USD
3334,1217,2023-06-24,2028,6,38.28,USD
3335,1499,2023-07-09,2044,6,79.4,DKK
3336,1361,2023-09-11,2033,4,95.08,EUR
3337,1339,2023-11-27,2032,5,127.67,EUR
3338,1456,2023-12-15,2007,2,92.2,USD
3339,1001,2023-04-25,2047,4,41.36,USD
3340,1318,2023-07-04,2019,5,95.7,DKK
3341,1285,2023-03-30,2010,6,160.24,EUR
3342,1144,2023-08-27,2018,3,91.41,DKK
3343,1471,2023-01-01,2003,4,157.03,EUR
3344,1261,2023-12-26,2014,4,60.04,DKK
3345,1205,2023-03-20,2040,5,146.78,USD
3346,1229,2023-09-28,2009,5,96.28,EUR
3347,1310,2023-02-25,2043,7,148.28,EUR
3348,1012,2023-12-19,2000,6,105.27,EUR
3349,1275,2023-09-14,2042,7,195.35,DKK
3350,1456,2023-03-03,2013,4,101.77,DKK
3351,1373,2023-11-10,2005,5,65.78,EUR
3352,1322,2023-06-20,2010,4,139.74,EUR
3353,1119,2023-04-11,2035,5,167.62,EUR
3354,1098,2023-01-06,2019,5,158.69,USD
3355,1285,2023-10-25,2023,4,79.75,EUR
3356,1073,2023-10-18,2043,8,114.42,EUR
3357,1165,2023-08-28,2001,8,61.06,EUR
3358,1310,2023-07-04,2035,3,88.96,USD
3359,1352,2023-12-30,2040,4,87.34,EUR
3360,1072,2023-01-03,2003,4,113.06,DKK
3361,1301,2023-10-06,2046,6,44.09,DKK
3362,1462,2023-12-15,2044,7,192.86,SEK
3363,1331,2023-08-19,2003,1,65.73,USD
3364,1007,2023-06-13,2035,5,71.58,DKK
3365,1127,2023-07-12,2044,8,199.8,EUR
3366,1457,2023-08-22,2018,6,97.43,DKK
3367,1411,2023-12-21,2008,4,82.95,SEK
3368,1494,2023-12-25,2043,9,107.66,DKK
3369,1169,2023-08-27,2008,7,53.67,EUR
3370,1395,2023-07-25,2027,5,88.25,EUR
3371,1387,2023-11-05,2000,3,95.77,DKK
3372,1000,2023-11-21,2002,5,118.05,DKK
3373,1084,2023-08-06,2014,4,98.96,EUR
3374,1038,2023-12-04,2025,5,167.81,DKK
3375,1173,2023-11-13,2000,5,41.2,EUR
3376,1215,2023-06-05,2022,9,209.28,USD
3377,1468,2023-08-15,2025,6,100.48,EUR
3378,1373,2023-07-18,2016,6,70.24,USD
3379,1061,2023-08-31,2027,6,155.78,SEK
3380,1112,2023-04-27,2031,5,84.55,EUR
3381,1051,2023-02-22,2043,1,107.36,USD
3382,1384,2023-02-26,2010,9,88.09,SEK
3383,1158,2023-09-08,2016,1,76.29,EUR
3384,1267,2023-10-12,2009,8,130.5,EUR
3385,1059,2023-09-17,2049,7,147.51,EUR
3386,1349,2023-11-26,2023,5,42.36,EUR
3387,1215,2023-03-05,2023,8,99.1,EUR
3388,1431,2023-11-02,2035,8,122.16,USD
3389,1013,2023-03-13,2041,4,172.94,SEK
3390,1394,2023-12-17,2013,3,26.02,EUR
3391,1434,2023-06-23,2009,7,104.19,EUR
3392,1393,2023-08-17,2003,5,110.91,USD
3393,1459,2023-11-17,2012,3,136.04,EUR
3394,1119,2023-08-28,2048,7,117.9,DKK
3395,1007,2023-01-02,2027,6,116.1,EUR
3396,1332,2023-10-18,2012,4,70.91,USD
3397,1251,2023-02-07,2028,1,24.71,EUR
3398,1474,2023-07-14,2014,5,192.64,DKK
3399,1215,2023-07-30,2032,6,85.3,SEK
3400,1036,2023-01-07,2004,7,84.47,EUR
3401,1187,2023-07-07,2007,4,71.2,EUR
3402,1039,2023-11-30,2046,7,122.2,EUR
3403,1428,2023-10-14,2001,8,78.54,EUR
3404,1345,2023-08-13,2028,1,7.43,USD
3405,1394,2023-04-20,2036,3,133.94,USD
3406,1414,2023-07-13,2046,8,43.57,USD
3407,1426,2023-01-29,2006,8,67.45,EUR
3408,1089,2023-08-24,2017,3,112.16,DKK
3409,1490,2023-07-09,2012,2,97.34,SEK
3410,1491,2023-02-03,2008,8,35.96,EUR
3411,1342,2023-11-27,2002,2,13.94,EUR
3412,1491,2023-04-25,2039,7,57.56,EUR
3413,1186,2023-12-31,2017,5,135.17,EUR
3414,1064,2023-03-05,2009,4,14.53,USD
3415,1187,2023-09-10,2007,5,104.84,DKK
3416,1138,2023-06-16,2016,6,100.0,DKK
3417,1322,2023-02-22,2036,6,85.81,SEK
3418,1130,2023-09-28,2040,9,-48.39,EUR
3419,1314,2023-11-04,2031,1,128.86,USD
3420,1225,2023-01-14,2008,7,113.62,EUR
3421,1091,2023-10-23,2005,5,14.36,SEK
3422,1181,2023-08-23,2011,8,117.35,USD
3423,1358,2023-04-13,2001,1,90.3,EUR
3424,1403,2023-02-01,2015,1,86.51,SEK
3425,1065,2023-01-03,2021,9,137.04,DKK
3426,1326,2023-12-13,2041,9,81.9,EUR
3427,1261,2023-03-13,2022,2,55.96,USD
3428,1055,2023-04-25,2021,4,150.94,EUR
3429,1421,2023-02-03,2006,5,170.44,SEK
3430,1409,2023-07-28,2006,4,92.22,EUR
3431,1356,2023-02-14,2008,4,175.07,DKK
3432,1126,2023-03-02,2031,7,111.34,EUR
3433,1317,2023-04-22,2028,4,54.83,DKK
3434,1261,2023-04-03,2012,4,199.62,SEK
3435,1385,2023-05-14,2004,1,154.19,USD
3436,1380,2023-07-04,2022,2,52.15,USD
3437,1274,2023-03-30,2038,9,64.89,EUR
3438,1386,2023-09-07,2000,6,98.42,USD
3439,1024,2023-10-13,2006,2,59.2,DKK
3440,1149,2023-01-19,2001,1,62.58,EUR
3441,1308,2023-05-12,2017,7,0.0,USD
3442,1095,2023-08-28,2007,3,65.2,USD
3443,1238,2023-08-02,2040,9,67.35,DKK
3444,1308,2023-01-17,2007,5,97.14,EUR
3445,1044,2023-11-06,2040,4,128.64,DKK
3446,1053,2023-12-15,2039,7,70.13,EUR
3447,1450,2023-10-18,2046,8,148.42,EUR
3448,1232,2023-05-29,2024,9,100.65,EUR
3449,1050,2023-09-28,2043,2,111.97,EUR
3450,1062,2023-02-13,2020,3,99.33,EUR
3451,1192,2023-11-30,2031,4,33.23,DKK
3452,1020,2023-05-22,2016,4,139.47,EUR
3453,1179,2023-09-27,2027,2,125.89,EUR
3454,1262,2023-12-16,2030,9,94.38,EUR
3455,1146,2023-12-20,2003,2,55.56,DKK
3456,1342,2023-07-31,2005,1,94.39,DKK
3457,1123,2023-02-03,2025,8,189.9,DKK
3458,1450,2023-08-21,2024,4,19.78,EUR
3459,1285,2023-12-11,2003,6,113.05,EUR
3460,1271,2023-05-13,2033,7,65.42,EUR
3461,1251,2023-08-14,2001,9,145.41,EUR
3462,1000,2023-01-22,2037,3,148.4,EUR
3463,1235,2023-11-02,2043,4,89.13,EUR
3464,1489,2023-03-25,2044,2,104.07,EUR
3465,1402,2023-07-04,2025,6,82.82,USD
3466,1435,2023-04-07,2027,5,94.71,EUR
3467,1123,2023-06-24,2040,4,147.25,EUR
3468,1378,2023-01-28,2037,8,166.1,EUR
3469,1096,2023-10-14,2014,5,118.78,EUR
3470,1229,2023-08-05,2011,8,65.58,EUR
3471,1343,2023-04-03,2025,7,105.25,EUR
3472,1112,2023-05-29,2019,5,106.83,EUR
3473,1323,2023-12-12,2007,1,129.67,USD
3474,1041,2023-06-10,2022,5,117.59,DKK
3475,1257,2023-05-08,2013,1,77.78,EUR
3476,1405,2023-06-26,2012,5,120.93,USD
3477,1232,2023-07-30,2043,8,139.41,EUR
3478,1138,2023-03-02,2041,5,26.12,USD
3479,1319,2023-05-09,2011,3,88.93,USD
3480,1351,2023-10-26,2008,8,91.88,EUR
3481,1238,2023-12-13,2045,8,190.56,EUR
3482,1450,2023-10-27,2034,9,134.99,EUR
3483,1151,2023-08-03,2040,8,56.66,USD
3484,1259,2023-04-15,2038,3,142.44,EUR
3485,1491,2023-08-10,2020,1,63.21,EUR
3486,1096,2023-05-19,2021,8,-58.67,EUR
3487,1235,2023-10-27,2023,6,123.3,EUR
3488,1406,2023-06-07,2025,1,33.07,EUR
3489,1079,2023-01-08,2017,5,137.82,EUR
3490,1151,2023-09-10,2046,7,164.24,USD
3491,1425,2023-05-29,2039,4,68.71,EUR
3492,1473,2023-11-22,2046,3,128.9,EUR
3493,1149,2023-08-25,2039,7,116.83,DKK
3494,1111,2023-06-19,2016,8,78.25,SEK
3495,1471,2023-02-05,2013,4,97.27,USD
3496,1245,2023-07-10,2013,6,110.85,DKK
3497,1179,2023-04-06,2019,7,66.26,EUR
3498,1106,2023-08-13,2046,8,125.11,EUR
3499,1423,2023-07-28,2035,9,101.62,DKK
3500,1303,2023-05-02,2007,1,117.11,USD
3501,1421,2023-09-05,2002,8,132.85,EUR
3502,1377,2023-02-25,2039,9,48.92,EUR
3503,1132,2023-06-09,2013,8,111.24,USD
3504,1333,2023-12-04,2029,4,120.83,USD
3505,1328,2023-05-12,2017,8,221.78,USD
3506,1201,2023-10-03,2009,3,106.57,USD
3507,1288,2023-09-10,2010,3,119.42,USD
3508,1323,2023-04-27,2028,6,83.79,USD
3509,1267,2023-04-07,2025,7,87.16,USD
3510,1404,2023-12-17,2043,7,113.24,USD
3511,1044,2023-09-14,2019,4,115.51,EUR
3512,1110,2023-12-19,2031,9,15.77,USD
3513,1215,2023-03-20,2022,1,68.33,EUR
3514,1425,2023-11-19,2048,1,103.04,EUR
3515,1466,2023-09-24,2003,4,47.06,EUR
3516,1121,2023-11-06,2020,7,23.73,DKK
3517,1025,2023-09-02,2004,9,84.72,EUR
3518,1470,2023-09-05,2041,6,101.6,DKK
3519,1126,2023-08-22,2029,4,81.55,EUR
3520,1364,2023-06-03,2032,8,45.91,USD
3521,1390,2023-02-04,2032,7,162.72,DKK
3522,1025,2023-06-01,2022,4,142.48,DKK
3523,1353,2023-06-25,2043,2,-9.4,EUR
3524,1246,2023-12-24,2025,8,9.64,USD
3525,1289,2023-10-12,2016,8,129.16,DKK
3526,1306,2023-06-28,2017,1,162.87,SEK
3527,1068,2023-03-21,2005,9,90.67,DKK
3528,1493,2023-07-01,2037,5,19.29,USD
3529,1492,2023-10-31,2012,5,81.9,SEK
3530,1118,2023-04-12,2014,2,179.9,DKK
3531,1400,2023-09-15,2007,2,27.03,EUR
3532,1009,2023-02-11,2009,8,157.97,EUR
3533,1239,2023-04-02,2030,7,9.71,EUR
3534,1454,2023-11-30,2018,9,136.66,DKK
3535,1068,2023-05-23,2033,6,99.04,SEK
3536,1065,2023-07-03,2000,7,99.08,DKK
3537,1399,2023-01-29,2033,7,104.94,EUR
3538,1242,2023-09-05,2029,8,60.72,EUR
3539,1341,2023-08-11,2032,9,47.9,EUR
3540,1090,2023-01-05,2025,2,68.29,USD
3541,1402,2023-02-11,2019,7,125.21,DKK
3542,1385,2023-08-24,2029,2,83.95,EUR
3543,1395,2023-03-28,2018,8,38.65,USD
3544,1429,2023-09-22,2010,5,153.32,USD
3545,1371,2023-03-21,2042,8,103.67,EUR
3546,1306,2023-02-16,2048,1,55.34,USD
3547,1471,2023-01-19,2046,3,37.74,SEK
3548,1133,2023-06-16,2039,1,133.56,USD
3549,1265,2023-12-26,2046,7,92.22,EUR
3550,1111,2023-06-21,2024,8,172.11,EUR
3551,1023,2023-09-29,2012,4,78.48,EUR
3552,1379,2023-03-05,2025,4,147.75,DKK
3553,1252,2023-05-14,2016,3,43.45,EUR
3554,1106,2023-09-07,2021,3,37.01,USD
3555,1071,2023-02-13,2048,3,127.03,EUR
3556,1491,2023-09-12,2005,7,36.88,EUR
3557,1312,2023-04-16,2047,6,114.19,SEK
3558,1406,2023-10-16,2014,3,108.01,SEK
3559,1493,2023-11-06,2040,8,174.65,EUR
3560,1197,2023-03-20,2009,6,98.92,EUR
3561,1117,2023-03-20,2046,9,118.28,EUR
3562,1283,2023-12-03,2012,9,133.95,EUR
3563,1219,2023-07-10,2031,6,107.46,USD
3564,1035,2023-08-19,2045,9,75.27,DKK
3565,1207,2023-01-09,2028,4,188.48,USD
3566,1326,2023-11-17,2048,7,60.18,
3567,1372,2023-10-26,2042,4,147.33,SEK
3568,1352,2023-02-12,2048,1,69.62,EUR
3569,1315,2023-09-16,2031,8,164.28,EUR
3570,1309,2023-03-07,2036,6,178.03,EUR
3571,1487,2023-10-26,2029,1,52.9,SEK
3572,1319,2023-07-26,2042,5,38.2,USD
3573,1455,2023-03-11,2009,6,144.05,DKK
3574,1007,2023-01-11,2008,1,157.95,EUR
3575,1110,2023-11-12,2031,1,169.53,EUR
3576,1232,2023-10-09,2029,6,102.04,EUR
3577,1455,2023-05-14,2013,1,11.57,EUR
3578,1071,2023-03-17,2039,3,64.27,DKK
3579,1386,2023-11-07,2027,1,91.81,USD
3580,1181,2023-11-08,2007,9,159.34,EUR
3581,1316,2023-04-30,2028,3,22.94,EUR
3582,1109,2023-05-04,2037,1,71.64,SEK
3583,1377,2023-01-30,2035,5,149.45,EUR
3584,1193,2023-10-21,2031,4,149.41,EUR
3585,1471,2023-05-04,2014,5,164.37,DKK
3586,1247,2023-03-22,2039,5,-30.14,EUR
3587,1081,2023-04-18,2035,3,72.67,EUR
3588,1059,2023-09-13,2003,2,112.63,SEK
3589,1161,2023-08-31,2019,4,83.82,EUR
3590,1366,2023-01-17,2010,5,109.51,SEK
3591,1260,2023-06-17,2040,2,71.87,DKK
3592,1321,2023-05-01,2006,4,-5.0,EUR
3593,1441,2023-05-13,2042,6,104.43,DKK
3594,1470,2023-05-26,2029,3,94.0,EUR
3595,1493,2023-09-12,2022,9,103.14,EUR
3596,1354,2023-11-10,2034,3,49.56,USD
3597,1269,2023-01-05,2042,6,127.69,DKK
3598,1071,2023-08-15,2022,3,95.88,EUR
3599,1375,2023-12-26,2025,7,98.54,DKK
3600,1018,2023-01-14,2032,9,28.83,USD
3601,1207,2023-05-11,2025,7,81.49,SEK
3602,1079,2023-07-08,2049,4,152.13,EUR
3603,1302,2023-07-01,2045,3,180.95,EUR
3604,1175,2023-06-08,2014,3,128.11,DKK
3605,1089,2023-01-15,2040,4,140.5,USD
3606,1315,2023-02-12,2018,6,72.25,DKK
3607,1446,2023-08-21,2019,6,57.7,EUR
3608,1344,2023-04-12,2043,2,88.71,EUR
3609,1353,2023-07-07,2011,7,115.0,EUR
3610,1482,2023-05-11,2007,5,96.69,USD
3611,1009,2023-07-29,2003,5,191.23,USD
3612,1084,2023-05-13,2012,8,205.35,EUR
3613,1359,2023-01-05,2001,3,109.74,EUR
3614,1071,2023-03-15,2030,7,55.07,SEK
3615,1476,2023-05-29,2000,1,207.13,DKK
3616,1012,2023-09-11,2007,7,75.95,SEK
3617,1376,2023-12-10,2039,2,100.28,EUR
3618,1166,2023-01-23,2032,3,113.12,SEK
3619,1302,2023-10-21,2012,3,147.97,EUR
3620,1283,2023-02-18,2002,5,127.11,EUR
3621,1479,2023-12-09,2024,2,-5.0,EUR
3622,1059,2023-12-02,2048,9,122.41,SEK
3623,1181,2023-07-15,2022,2,160.33,EUR
3624,1416,2023-04-23,2019,5,60.73,EUR
3625,1002,2023-09-16,2046,4,66.04,EUR
3626,1429,2023-09-09,2012,2,168.56,EUR
3627,1471,2023-10-25,2002,7,36.48,USD
3628,1498,2023-10-29,2030,8,115.69,USD
3629,1204,2023-01-22,2030,9,192.36,USD
3630,1327,2023-09-16,2005,9,196.46,EUR
3631,1055,2023-09-09,2023,7,91.56,DKK
3632,1228,2023-04-05,2008,1,162.15,EUR
3633,1321,2023-12-03,2019,9,101.56,EUR
3634,1154,2023-08-18,2020,7,89.09,EUR
3635,1310,2023-05-24,2024,4,42.94,EUR
3636,1334,2023-07-28,2000,6,47.38,DKK
3637,1359,2023-11-01,2040,7,108.38,EUR
3638,1097,2023-12-09,2038,3,151.38,DKK
3639,1133,2023-04-07,2005,4,107.17,DKK
3640,1082,2023-01-10,2034,4,197.43,SEK
3641,1457,2023-12-05,2045,3,69.46,EUR
3642,1147,2023-06-02,2028,6,92.42,USD
3643,1329,2023-08-04,2027,9,172.38,EUR
3644,1278,2023-12-10,2010,6,139.05,EUR
3645,1157,2023-05-05,2016,7,47.71,USD
3646,1061,2023-06-18,2044,4,116.84,USD
3647,1216,2023-01-24,2019,6,162.86,USD
3648,1099,2023-12-27,2032,7,182.45,EUR
3649,1219,2023-04-16,2048,9,112.72,USD
3650,1440,2023-09-15,2011,4,125.04,SEK
3651,1135,2023-09-08,2028,5,165.84,EUR
3652,1176,2023-04-23,2040,7,128.26,USD
3653,1171,2023-11-22,2006,5,110.67,EUR
3654,1228,2023-12-27,2007,5,28.11,EUR
3655,1436,2023-02-07,2003,8,88.36,EUR
3656,1226,2023-07-23,2034,4,79.3,EUR
3657,1069,2023-06-21,2001,1,116.97,DKK
3658,1040,2023-01-06,2027,4,64.91,EUR
3659,1060,2023-03-03,2031,2,81.4,USD
3660,1245,2023-11-28,2021,2,13.44,EUR
3661,1025,2023-12-30,2048,5,82.33,SEK
3662,1361,2023-05-14,2031,4,93.38,SEK
3663,1464,2023-10-25,2010,9,77.39,EUR
3664,1238,2023-09-08,2029,8,115.65,SEK
3665,1127,2023-10-01,2031,3,138.34,DKK
3666,1094,2023-08-02,2048,8,179.2,EUR
3667,1369,2023-12-13,2026,8,145.83,DKK
3668,1297,2023-09-20,2043,2,134.35,DKK
3669,1167,2023-05-05,2029,2,137.76,SEK
3670,1451,2023-10-11,2041,5,74.74,EUR
3671,1225,2023-05-15,2011,2,111.75,EUR
3672,1079,2023-12-31,2008,2,75.9,EUR
3673,1493,2023-04-18,2009,5,196.39,EUR
3674,1024,2023-09-21,2022,9,120.27,EUR
3675,1473,2023-07-15,2030,6,125.45,USD
3676,1353,2023-12-27,2025,9,99.8,EUR
3677,1426,2023-02-11,2002,1,94.9,USD
3678,1445,2023-01-11,2001,2,81.05,EUR
3679,1103,2023-01-28,2003,8,56.66,DKK
3680,1343,2023-10-20,2017,7,177.09,EUR
3681,1324,2023-05-06,2005,1,65.6,DKK
3682,1446,2023-12-08,2020,4,7.59,SEK
3683,1184,2023-05-05,2001,9,62.29,USD
3684,1296,2023-05-21,2027,6,106.28,SEK
3685,1091,2023-09-06,2005,4,137.11,DKK
3686,1497,2023-06-27,2009,1,63.88,USD
3687,1402,2023-03-08,2034,5,54.13,EUR
3688,1352,2023-01-14,2016,1,141.09,EUR
3689,1198,2023-05-21,2030,5,81.02,DKK
3690,1466,2023-03-24,2031,2,90.12,EUR
3691,1437,2023-12-25,2019,8,108.54,EUR
3692,1344,2023-04-01,2033,3,102.92,SEK
3693,1277,2023-05-17,2001,5,104.71,SEK
3694,1022,2023-10-15,2042,6,178.53,EUR
3695,1164,2023-04-27,2012,9,73.4,DKK
3696,1282,2023-10-15,2025,3,117.34,DKK
3697,1252,2023-08-24,2020,5,85.09,EUR
3698,1451,2023-01-27,2044,5,60.79,EUR
3699,1118,2023-05-04,2006,9,0.0,USD
3700,1096,2023-12-01,2007,6,117.69,EUR
3701,1208,2023-06-06,2047,2,21.16,EUR
3702,1141,2023-12-25,2040,7,235.08,EUR
3703,1437,2023-01-25,2027,6,26.68,EUR
3704,1206,2023-12-10,2017,3,87.92,DKK
3705,1120,2023-02-12,2016,8,97.56,SEK
3706,1479,2023-08-20,2041,9,162.06,EUR
3707,1262,2023-06-12,2019,1,23.52,USD
3708,1484,2023-11-22,2006,6,32.79,DKK
3709,1134,2023-07-23,2022,5,119.58,EUR
3710,1282,2023-07-26,2030,5,79.74,DKK
3711,1322,2023-05-28,2029,8,108.14,EUR
3712,1461,2023-10-07,2048,8,78.43,SEK
3713,1102,2023-10-11,2008,1,185.21,EUR
3714,1151,2023-02-05,2038,6,181.15,DKK
3715,1231,2023-01-24,2047,6,35.54,EUR
3716,1283,2023-12-27,2043,2,123.98,EUR
3717,1198,2023-10-10,2003,4,64.6,EUR
3718,1265,2023-04-06,2015,9,113.69,USD
3719,1221,2023-08-26,2032,1,135.27,EUR
3720,1143,2023-11-06,2032,9,104.35,EUR
3721,1399,2023-12-26,2040,8,162.97,EUR
3722,1387,2023-02-08,2009,9,136.82,DKK
3723,1468,2023-03-17,2020,3,156.54,SEK
3724,1161,2023-09-15,2016,5,3.69,EUR
3725,1117,2023-07-22,2044,1,143.61,EUR
3726,1468,2023-01-11,2032,8,95.25,EUR
3727,1166,2023-04-26,2047,1,123.74,USD
3728,1318,2023-06-22,2046,1,82.24,EUR
3729,1442,2023-11-24,2039,4,128.05,SEK
3730,1024,2023-01-25,2024,9,147.25,EUR
3731,1322,2023-12-13,2002,4,136.48,USD
3732,1125,2023-06-12,2009,8,82.78,EUR
3733,1294,2023-06-29,2048,9,166.72,EUR
3734,1242,2023-03-14,2018,4,72.21,EUR
3735,1117,2023-06-05,2028,2,94.22,USD
3736,1175,2023-02-16,2034,4,101.62,DKK
3737,1218,2023-01-28,2045,7,18.63,SEK
3738,1316,2023-05-17,2034,7,164.66,DKK
3739,1297,2023-06-19,2010,5,143.81,DKK
3740,1340,2023-10-23,2046,1,136.44,EUR
3741,1204,2023-10-14,2049,3,210.6,EUR
3742,1371,2023-08-14,2018,9,179.88,EUR
3743,1057,2023-05-19,2045,1,165.7,EUR
3744,1377,2023-10-28,2023,8,166.18,USD
3745,1019,2023-07-17,2009,7,191.7,DKK
3746,1210,2023-09-12,2000,8,124.54,DKK
3747,1007,2023-08-11,2048,6,50.95,DKK
3748,1424,2023-02-17,2027,1,98.5,USD
3749,1050,2023-01-17,2032,8,67.43,DKK
3750,1107,2023-12-16,2027,9,152.1,USD
3751,1415,2023-09-19,2044,1,57.22,USD
3752,1359,2023-08-27,2028,3,55.29,SEK
3753,1443,2023-02-15,2032,1,103.16,EUR
3754,1049,2023-10-20,2025,1,126.31,DKK
3755,1104,2023-01-08,2043,5,168.83,USD
3756,1410,2023-07-31,2017,3,-21.2,DKK
3757,1347,2023-12-30,2019,2,33.71,DKK
3758,1117,2023-02-28,2039,7,221.78,EUR
3759,1298,2023-05-14,2045,2,128.2,SEK
3760,1155,2023-11-01,2012,9,92.9,EUR
3761,1460,2023-08-09,2047,3,77.44,SEK
3762,1275,2023-05-13,2035,7,89.91,DKK
3763,1007,2023-11-05,2008,2,82.37,USD
3764,1119,2023-09-17,2042,5,87.8,DKK
3765,1289,2023-01-10,2035,2,89.24,EUR
3766,1285,2023-06-06,2027,8,107.39,USD
3767,1436,2023-03-27,2016,8,79.39,EUR
3768,1080,2023-05-31,2032,6,167.03,
3769,1279,2023-03-28,2036,1,126.3,EUR
3770,1012,2023-07-07,2030,6,142.36,EUR
3771,1218,2023-11-15,2010,1,69.42,DKK
3772,1336,2023-01-09,2036,1,106.39,USD
3773,1150,2023-04-04,2029,8,94.96,EUR
3774,1107,2023-10-22,2023,9,140.84,EUR
3775,1016,2023-08-13,2015,3,44.76,SEK
3776,1004,2023-03-14,2044,8,-37.4,EUR
3777,1276,2023-09-29,2047,6,90.95,DKK
3778,1315,2023-09-14,2003,8,82.66,EUR
3779,1090,2023-07-15,2021,3,36.92,USD
3780,1251,2023-11-01,2019,7,22.09,USD
3781,1038,2023-09-27,2049,2,141.17,EUR
3782,1132,2023-09-14,2013,2,39.14,EUR
3783,1481,2023-06-18,2033,2,162.36,SEK
3784,1354,2023-09-16,2028,3,2.69,DKK
3785,1277,2023-10-09,2009,1,93.56,USD
3786,1125,2023-12-17,2049,4,65.62,USD
3787,1277,2023-03-06,2001,4,119.78,EUR
3788,1034,2023-10-30,2035,8,169.9,SEK
3789,1398,2023-08-18,2022,7,91.13,DKK
3790,1330,2023-05-13,2047,3,20.02,USD
3791,1053,2023-06-30,2005,5,76.49,USD
3792,1146,2023-06-25,2045,8,107.57,DKK
3793,1330,2023-06-29,2014,2,45.96,EUR
3794,1051,2023-01-02,2000,9,111.15,EUR
3795,1445,2023-01-30,2004,2,72.44,USD
3796,1080,2023-01-20,2008,2,80.69,USD
3797,1393,2023-06-17,2011,1,180.43,SEK
3798,1199,2023-07-16,2029,2,55.93,EUR
3799,1023,2023-10-10,2027,7,169.78,SEK
3800,1058,2023-09-26,2011,7,121.71,EUR
3801,1280,2023-10-15,2041,2,28.9,DKK
3802,1221,2023-08-14,2040,2,46.49,SEK
3803,1230,2023-09-04,2030,2,80.4,USD
3804,1418,2023-07-07,2009,4,55.66,EUR
3805,1456,2023-04-02,2019,4,102.42,USD
3806,1182,2023-10-26,2023,9,207.1,EUR
3807,1359,2023-12-21,2040,5,134.33,EUR
3808,1146,2023-05-05,2029,5,66.87,EUR
3809,1235,2023-07-05,2005,6,84.09,SEK
3810,1025,2023-03-22,2031,2,166.06,EUR
3811,1411,2023-10-20,2043,6,115.36,USD
3812,1290,2023-02-02,2028,1,51.07,USD
3813,1337,2023-12-14,2049,2,135.76,SEK
3814,1123,2023-10-14,2013,9,70.43,EUR
3815,1175,2023-11-09,2002,7,36.85,EUR
3816,1420,2023-12-11,2003,5,92.86,EUR
3817,1411,2023-04-01,2018,1,165.92,EUR
3818,1479,2023-03-09,2024,6,41.25,SEK
3819,1116,2023-12-09,2022,1,112.32,EUR
3820,1009,2023-09-03,2002,2,121.91,DKK
3821,1166,2023-05-03,2003,2,207.98,EUR
3822,1359,2023-03-23,2009,6,94.01,SEK
3823,1472,2023-06-01,2025,8,123.25,DKK
3824,1295,2023-04-07,2026,9,6.23,USD
3825,1437,2023-03-08,2001,8,54.34,EUR
3826,1102,2023-04-21,2026,5,120.83,EUR
3827,1343,2023-08-26,2014,4,77.62,USD
3828,1117,2023-06-30,2049,4,86.36,EUR
3829,1407,2023-05-29,2009,6,55.25,DKK
3830,1127,2023-02-04,2031,5,228.34,EUR
3831,1012,2023-03-17,2021,6,93.46,EUR
3832,1411,2023-11-06,2038,8,134.86,EUR
3833,1055,2023-11-21,2027,5,177.32,EUR
3834,1219,2023-05-01,2014,7,66.0,SEK
3835,1060,2023-08-22,2003,7,193.22,USD
3836,1043,2023-10-25,2037,1,124.56,EUR
3837,1284,2023-05-05,2007,4,64.36,SEK
3838,1317,2023-12-07,2043,2,57.69,EUR
3839,1428,2023-01-04,2003,6,182.63,EUR
3840,1057,2023-08-07,2047,7,113.03,EUR
3841,1398,2023-07-20,2044,8,156.88,DKK
3842,1455,2023-10-09,2023,8,49.12,DKK
3843,1007,2023-10-26,2021,6,238.55,USD
3844,1216,2023-02-24,2005,2,155.61,USD
3845,1478,2023-07-23,2019,3,49.06,EUR
3846,1022,2023-05-30,2028,6,189.41,DKK
3847,1049,2023-06-11,2024,3,60.5,DKK
3848,1182,2023-01-31,2006,2,81.12,EUR
3849,1451,2023-10-24,2024,1,22.17,DKK
3850,1383,2023-03-19,2046,3,97.24,USD
3851,1367,2023-03-30,2012,5,-30.48,EUR
3852,1364,2023-10-13,2033,8,118.31,EUR
3853,1083,2023-11-13,2018,4,172.75,EUR
3854,1286,2023-04-10,2037,4,141.37,DKK
3855,1039,2023-03-29,2037,3,75.96,EUR
3856,1291,2023-07-31,2001,2,223.83,USD
3857,1450,2023-03-03,2002,8,81.58,DKK
3858,1137,2023-12-30,2014,8,127.87,DKK
3859,1091,2023-09-27,2018,6,115.46,EUR
3860,1015,2023-12-11,2036,7,102.66,EUR
3861,1357,2023-09-27,2017,8,120.51,EUR
3862,1107,2023-04-30,2007,9,151.65,EUR
3863,1444,2023-06-01,2006,4,0.0,EUR
3864,1490,2023-12-03,2032,1,58.54,EUR
3865,1447,2023-01-22,2018,5,42.02,DKK
3866,1414,2023-10-14,2040,7,108.57,DKK
3867,1000,2023-12-06,2048,6,83.06,EUR
3868,1416,2023-05-19,2044,4,107.35,USD
3869,1046,2023-05-20,2040,2,154.07,EUR
3870,1225,2023-10-31,2008,5,32.39,SEK
3871,1072,2023-03-07,2012,8,147.53,DKK
3872,1305,2023-05-12,2036,5,150.13,DKK
3873,1041,2023-12-06,2027,7,114.51,EUR
3874,1171,2023-08-18,2024,9,33.87,USD
3875,1056,2023-08-19,2036,9,115.47,EUR
3876,1403,2023-02-06,2031,9,50.09,SEK
3877,1176,2023-01-26,2038,9,84.57,USD
3878,1177,2023-08-30,2031,7,103.52,EUR
3879,1308,2023-06-12,2038,8,63.58,USD
3880,1075,2023-01-21,2012,7,68.4,DKK
3881,1440,2023-06-29,2002,6,60.97,USD
3882,1131,2023-07-31,2009,9,134.84,DKK
3883,1375,2023-07-02,2000,7,117.92,EUR
3884,1358,2023-12-09,2049,7,92.74,EUR
3885,1200,2023-04-15,2020,6,122.71,EUR
3886,1194,2023-01-11,2046,7,83.47,DKK
3887,1497,2023-07-30,2002,8,115.56,EUR
3888,1468,2023-09-24,2045,3,114.58,DKK
3889,1270,2023-04-08,2000,1,71.18,EUR
3890,1329,2023-07-31,2020,6,96.19,EUR
3891,1214,2023-05-24,2029,7,178.85,USD
3892,1409,2023-06-19,2004,5,181.14,EUR
3893,1368,2023-03-31,2046,7,112.01,EUR
3894,1414,2023-08-12,2014,8,132.64,DKK
3895,1445,2023-11-30,2013,9,37.72,USD
3896,1378,2023-11-04,2008,5,17.14,USD
3897,1474,2023-02-06,2014,7,-17.32,EUR
3898,1395,2023-08-29,2037,7,123.95,USD
3899,1075,2023-07-11,2021,3,171.13,EUR
3900,1111,2023-06-12,2023,1,114.55,EUR
3901,1168,2023-03-02,2030,3,119.54,EUR
3902,1097,2023-03-15,2023,8,117.38,DKK
3903,1430,2023-06-19,2037,1,98.78,USD
3904,1149,2023-06-02,2034,9,55.91,USD
3905,1376,2023-08-31,2008,2,114.06,EUR
3906,1015,2023-05-05,2048,4,138.9,DKK
3907,1373,2023-07-07,2047,2,110.1,USD
3908,1020,2023-04-10,2022,8,76.15,EUR
3909,1373,2023-07-10,2045,9,24.67,USD
3910,1252,2023-02-22,2038,1,167.34,EUR
3911,1229,2023-12-21,2036,5,191.18,DKK
3912,1214,2023-12-04,2030,7,193.31,SEK
3913,1022,2023-04-10,2028,1,108.61,EUR
3914,1421,2023-08-01,2020,8,94.74,SEK
3915,1433,2023-03-18,2033,4,149.37,EUR
3916,1195,2023-04-07,2046,4,107.63,USD
3917,1400,2023-05-17,2027,3,57.85,DKK
3918,1254,2023-04-25,2047,5,41.95,EUR
3919,1159,2023-01-26,2040,5,77.86,EUR
3920,1424,2023-07-10,2038,9,79.97,DKK
3921,1268,2023-08-02,2047,9,178.37,USD
3922,1072,2023-05-08,2035,9,175.19,EUR
3923,1444,2023-09-20,2009,1,91.25,EUR
3924,1336,2023-10-13,2031,1,97.17,DKK
3925,1350,2023-11-20,2006,2,176.93,EUR
3926,1252,2023-10-07,2016,5,42.4,DKK
3927,1133,2023-08-12,2043,4,10.78,EUR
3928,1178,2023-05-21,2039,8,92.74,EUR
3929,1165,2023-07-11,2036,2,57.66,SEK
3930,1308,2023-04-04,2038,8,74.78,EUR
3931,1216,2023-04-09,2004,8,95.27,SEK
3932,1387,2023-11-13,2021,6,137.06,USD
3933,1332,2023-04-09,2043,5,56.94,DKK
3934,1080,2023-09-16,2026,7,213.1,DKK
3935,1135,2023-06-15,2043,2,37.22,EUR
3936,1210,2023-08-21,2010,6,160.4,USD
3937,1344,2023-03-16,2011,3,66.12,USD
3938,1133,2023-03-04,2006,3,64.25,EUR
3939,1368,2023-08-06,2037,7,102.6,EUR
3940,1007,2023-01-09,2033,1,112.98,USD
3941,1287,2023-02-19,2015,1,121.24,EUR
3942,1313,2023-08-21,2010,3,84.83,EUR
3943,1371,2023-03-24,2046,8,64.81,USD
3944,1077,2023-11-10,2034,1,43.73,USD
3945,1156,2023-08-26,2019,9,151.21,SEK
3946,1096,2023-09-06,2006,3,72.52,EUR
3947,1445,2023-09-16,2047,4,35.8,
3948,1031,2023-04-30,2026,6,28.74,EUR
3949,1104,2023-05-28,2042,1,83.63,EUR
3950,1002,2023-05-24,2035,9,83.65,EUR
3951,1397,2023-04-23,2022,5,38.68,USD
3952,1339,2023-03-26,2045,3,45.78,EUR
3953,1328,2023-04-09,2019,6,133.98,DKK
3954,1363,2023-01-02,2042,8,130.38,EUR
3955,1499,2023-09-10,2047,6,114.08,EUR
3956,1041,2023-10-06,2030,2,71.49,SEK
3957,1262,2023-01-17,2014,4,88.79,EUR
3958,1122,2023-03-25,2035,5,136.49,USD
3959,1146,2023-11-20,2047,3,65.11,EUR
3960,1448,2023-10-01,2017,3,157.83,EUR
3961,1220,2023-06-03,2023,1,124.56,EUR
3962,1310,2023-10-24,2027,9,111.62,EUR
3963,1099,2023-02-22,2027,3,87.24,USD
3964,1241,2023-01-10,2045,5,155.94,EUR
3965,1492,2023-01-08,2017,1,137.22,USD
3966,1077,2023-05-30,2036,7,126.06,EUR
3967,1342,2023-10-15,2040,1,110.7,EUR
3968,1292,2023-11-29,2043,1,91.15,EUR
3969,1159,2023-06-13,2008,6,40.0,USD
3970,1454,2023-06-10,2040,9,111.24,EUR
3971,1400,2023-06-30,2035,2,128.42,SEK
3972,1341,2023-04-01,2020,2,91.99,EUR
3973,1007,2023-06-09,2038,4,9.29,EUR
3974,1331,2023-02-06,2018,5,151.44,EUR
3975,1338,2023-10-09,2039,2,107.78,EUR
3976,1058,2023-12-25,2029,9,145.33,DKK
3977,1158,2023-01-02,2021,7,124.08,DKK
3978,1250,2023-08-24,2005,9,25.75,EUR
3979,1109,2023-05-03,2026,4,150.17,USD
3980,1176,2023-12-31,2047,4,11.92,USD
3981,1427,2023-07-31,2042,7,78.92,EUR
3982,1332,2023-10-22,2046,4,24.44,EUR
3983,1333,2023-02-19,2048,1,65.88,EUR
3984,1431,2023-06-04,2012,4,18.52,DKK
3985,1246,2023-08-14,2018,9,57.1,EUR
3986,1372,2023-10-29,2018,5,44.09,EUR
3987,1116,2023-08-20,2029,7,105.76,DKK
3988,1348,2023-09-12,2012,2,98.36,EUR
3989,1332,2023-09-22,2003,6,93.3,EUR
3990,1384,2023-10-01,2042,8,71.93,SEK
3991,1257,2023-07-27,2010,3,85.6,EUR
3992,1185,2023-11-23,2025,6,19.62,DKK
3993,1191,2023-11-07,2046,1,136.49,EUR
3994,1219,2023-11-23,2008,5,157.16,DKK
3995,1473,2023-08-08,2047,3,96.15,EUR
3996,1291,2023-03-31,2044,5,81.46,EUR
3997,1068,2023-01-24,2044,4,206.55,EUR
3998,1084,2023-04-27,2024,6,130.87,USD
3999,1422,2023-02-07,2017,8,60.84,USD
4000,1311,2023-03-02,2033,1,87.58,EUR
4001,1081,2023-01-12,2016,4,74.19,USD
4002,1376,2023-04-27,2033,5,131.81,EUR
4003,1465,2023-09-01,2038,8,127.78,USD
4004,1082,2023-11-10,2013,9,189.7,DKK
4005,1394,2023-06-25,2027,9,89.02,EUR
4006,1386,2023-02-18,2019,5,140.99,EUR
4007,1446,2023-09-28,2041,2,102.75,EUR
4008,1057,2023-08-22,2030,9,109.98,DKK
4009,1397,2023-12-07,2030,9,73.76,USD
4010,1300,2023-12-08,2009,7,68.55,EUR
4011,1195,2023-11-19,2033,6,155.66,DKK
4012,1480,2023-09-03,2023,7,135.45,EUR
4013,1345,2023-10-17,2041,9,5.39,EUR
4014,1425,2023-02-28,2024,4,150.5,EUR
4015,1168,2023-09-11,2022,3,110.82,EUR
4016,1126,2023-09-12,2045,8,84.16,DKK
4017,1120,2023-01-26,2020,2,35.68,EUR
4018,1036,2023-11-29,2036,4,204.91,DKK
4019,1042,2023-12-25,2031,7,-5.0,DKK
4020,1473,2023-03-19,2020,4,70.94,USD
4021,1432,2023-05-12,2000,8,123.8,EUR
4022,1454,2023-05-29,2049,9,126.34,USD
4023,1058,2023-10-29,2035,8,-16.14,EUR
4024,1292,2023-02-01,2024,9,0.0,SEK
4025,1266,2023-02-08,2032,2,92.12,USD
4026,1009,2023-04-12,2018,6,64.53,USD
4027,1447,2023-12-21,2045,3,68.81,USD
4028,1264,2023-04-03,2004,8,43.9,EUR
4029,1018,2023-08-12,2014,7,105.99,EUR
4030,1390,2023-11-27,2035,4,150.26,EUR
4031,1158,2023-09-08,2035,3,148.87,EUR
4032,1312,2023-05-23,2049,2,95.3,USD
4033,1333,2023-11-25,2003,6,1.54,EUR
4034,1352,2023-03-09,2024,6,-11.24,DKK
4035,1393,2023-04-13,2014,6,-4.5,EUR
4036,1218,2023-03-02,2011,5,44.32,EUR
4037,1276,2023-03-10,2041,3,128.77,EUR
4038,1214,2023-08-04,2018,5,98.18,EUR
4039,1434,2023-07-05,2027,1,91.85,USD
4040,1377,2023-04-12,2048,6,67.31,EUR
4041,1191,2023-10-18,2006,7,33.42,USD
4042,1270,2023-08-06,2009,1,119.41,EUR
4043,1371,2023-09-21,2004,1,71.55,EUR
4044,1256,2023-05-15,2045,9,120.62,USD
4045,1297,2023-11-12,2034,8,67.28,DKK
4046,1126,2023-12-24,2046,5,91.83,EUR
4047,1469,2023-10-13,2004,1,-23.08,EUR
4048,1487,2023-08-27,2006,3,133.29,EUR
4049,1358,2023-09-02,2024,8,43.64,DKK
4050,1017,2023-07-01,2025,3,186.31,EUR
4051,1107,2023-10-04,2049,5,58.38,EUR
4052,1478,2023-08-26,2000,6,83.22,EUR
4053,1004,2023-09-27,2014,5,88.74,SEK
4054,1086,2023-03-26,2006,1,83.85,EUR
4055,1206,2023-12-19,2025,4,135.36,DKK
4056,1052,2023-08-24,2036,1,163.73,SEK
4057,1322,2023-10-26,2035,6,71.54,EUR
4058,1028,2023-07-30,2011,3,105.53,DKK
4059,1112,2023-03-28,2039,9,71.76,EUR
4060,1298,2023-09-22,2038,1,160.2,EUR
4061,1359,2023-11-11,2005,3,16.86,USD
4062,1052,2023-03-30,2013,2,20.73,DKK
4063,1475,2023-07-27,2016,9,102.15,EUR
4064,1313,2023-04-20,2036,8,90.22,EUR
4065,1036,2023-07-31,2005,2,89.86,USD
4066,1109,2023-02-01,2037,1,143.62,EUR
4067,1171,2023-10-28,2018,3,110.67,USD
4068,1121,2023-07-28,2011,2,124.0,EUR
4069,1304,2023-07-06,2031,4,71.85,EUR
4070,1403,2023-04-09,2014,2,142.11,EUR
4071,1028,2023-12-20,2045,6,44.09,EUR
4072,1153,2023-03-06,2037,6,23.06,EUR
4073,1374,2023-10-22,2022,4,162.24,EUR
4074,1097,2023-10-14,2010,7,100.29,SEK
4075,1047,2023-08-14,2041,1,107.53,EUR
4076,1459,2023-05-25,2003,5,180.22,USD
4077,1161,2023-10-19,2004,4,152.2,EUR
4078,1248,2023-06-22,2029,2,99.22,EUR
4079,1226,2023-01-08,2042,3,118.85,EUR
4080,1285,2023-03-29,2013,5,147.79,EUR
4081,1015,2023-02-05,2045,2,108.54,DKK
4082,1419,2023-05-22,2016,3,152.48,DKK
4083,1251,2023-10-17,2026,4,109.41,SEK
4084,1073,2023-11-02,2003,9,129.86,USD
4085,1116,2023-01-13,2023,1,95.17,EUR
4086,1300,2023-11-05,2020,4,224.62,USD
4087,1309,2023-11-08,2009,1,93.92,EUR
4088,1157,2023-04-21,2025,4,126.83,SEK
4089,1483,2023-08-17,2044,2,97.44,DKK
4090,1156,2023-12-07,2045,6,143.11,DKK
4091,1432,2023-12-20,2010,8,87.97,DKK
4092,1425,2023-10-07,2046,4,102.72,EUR
4093,1084,2023-08-13,2042,7,65.36,EUR
4094,1210,2023-01-26,2027,2,134.53,EUR
4095,1454,2023-05-22,2011,4,175.18,DKK
4096,1320,2023-04-26,2039,8,107.99,USD
4097,1264,2023-12-18,2040,2,100.08,USD
4098,1450,2023-12-01,2004,2,157.25,DKK
4099,1407,2023-01-20,2004,6,154.57,USD
4100,1021,2023-03-30,2022,2,20.62,EUR
4101,1057,2023-08-13,2047,2,68.33,USD
4102,1284,2023-05-16,2010,2,62.6,EUR
4103,1299,2023-02-03,2028,7,52.42,EUR
4104,1091,2023-10-24,2040,1,87.02,USD
4105,1288,2023-09-18,2007,5,175.32,DKK
4106,1316,2023-06-07,2015,3,0.0,USD
4107,1155,2023-03-11,2029,4,159.52,EUR
4108,1025,2023-10-28,2008,7,126.18,EUR
4109,1172,2023-09-04,2037,9,59.77,EUR
4110,1316,2023-11-04,2026,8,122.93,SEK
4111,1189,2023-11-29,2043,5,49.24,EUR
4112,1146,2023-12-17,2013,5,8.16,DKK
4113,1338,2023-01-25,2009,3,20.07,EUR
4114,1272,2023-06-16,2020,1,136.7,DKK
4115,1342,2023-01-01,2019,1,52.57,USD
4116,1268,2023-07-25,2012,1,94.82,EUR
4117,1000,2023-02-12,2007,2,201.33,DKK
4118,1161,2023-04-10,2035,3,68.41,EUR
4119,1458,2023-04-10,2034,2,128.49,DKK
4120,1452,2023-10-01,2037,2,82.21,EUR
4121,1104,2023-03-28,2029,8,152.83,DKK
4122,1318,2023-10-19,2029,2,106.73,EUR
4123,1027,2023-09-05,2038,5,60.81,EUR
4124,1413,2023-03-21,2018,6,108.79,EUR
4125,1305,2023-11-25,2006,9,133.67,DKK
4126,1334,2023-01-22,2021,9,64.05,DKK
4127,1111,2023-11-22,2047,1,79.6,EUR
4128,1128,2023-09-09,2028,7,147.15,DKK
4129,1496,2023-10-16,2033,2,130.71,DKK
4130,1006,2023-03-20,2024,9,-5.48,DKK
4131,1103,2023-08-31,2047,4,151.08,EUR
4132,1427,2023-08-01,2008,3,70.86,EUR
4133,1178,2023-12-04,2006,6,73.99,SEK
4134,1001,2023-04-11,2018,7,101.54,EUR
4135,1001,2023-01-02,2011,3,83.76,USD
4136,1249,2023-06-21,2003,8,163.94,DKK
4137,1443,2023-11-07,2035,7,46.45,SEK
4138,1381,2023-07-13,2031,8,0.0,EUR
4139,1267,2023-06-15,2009,6,156.41,USD
4140,1350,2023-06-29,2045,7,117.38,EUR
4141,1096,2023-03-13,2039,2,190.29,EUR
4142,1482,2023-07-13,2004,7,103.94,DKK
4143,1168,2023-11-11,2013,7,143.27,SEK
4144,1239,2023-05-17,2030,5,96.63,EUR
4145,1077,2023-01-03,2005,7,118.31,EUR
4146,1363,2023-02-22,2022,3,82.66,DKK
4147,1068,2023-07-01,2048,2,139.89,EUR
4148,1260,2023-11-05,2038,3,168.21,DKK
4149,1243,2023-06-12,2023,8,105.23,DKK
4150,1465,2023-11-09,2003,7,102.37,EUR
4151,1047,2023-05-05,2028,9,155.48,USD
4152,1170,2023-12-30,2047,4,128.76,DKK
4153,1497,2023-09-26,2045,2,80.05,SEK
4154,1402,2023-01-22,2024,9,56.11,EUR
4155,1204,2023-08-07,2011,7,156.41,USD
4156,1163,2023-10-25,2021,5,10.15,SEK
4157,1339,2023-04-17,2020,9,103.88,EUR
4158,1486,2023-03-14,2015,9,78.38,DKK
4159,1176,2023-07-05,2029,1,75.09,EUR
4160,1047,2023-07-10,2049,2,48.88,EUR
4161,1214,2023-12-16,2021,4,184.21,EUR
4162,1394,2023-01-03,2028,5,62.9,USD
4163,1389,2023-06-05,2029,5,131.4,DKK
4164,1207,2023-02-24,2018,8,95.69,EUR
4165,1152,2023-11-20,2034,1,115.04,EUR
4166,1300,2023-03-31,2039,3,105.51,USD
4167,1147,2023-04-13,2043,2,82.86,SEK
4168,1054,2023-02-27,2032,6,109.88,EUR
4169,1281,2023-05-30,2029,9,135.64,USD
4170,1023,2023-08-10,2021,6,27.62,USD
4171,1383,2023-02-10,2034,6,93.53,DKK
4172,1363,2023-04-06,2025,7,2.14,DKK
4173,1006,2023-09-14,2003,9,78.12,EUR
4174,1092,2023-03-06,2032,7,19.37,DKK
4175,1070,2023-10-19,2030,5,80.44,EUR
4176,1322,2023-02-11,2013,2,55.12,EUR
4177,1373,2023-08-06,2042,4,53.98,EUR
4178,1279,2023-08-11,2021,5,61.25,DKK
4179,1476,2023-01-09,2047,9,119.89,DKK
4180,1138,2023-06-05,2023,4,151.99,SEK
4181,1175,2023-04-21,2049,8,100.94,DKK
4182,1080,2023-07-17,2047,5,168.71,EUR
4183,1364,2023-02-17,2013,5,92.03,DKK
4184,1309,2023-03-28,2043,2,51.12,USD
4185,1494,2023-07-15,2002,9,194.22,DKK
4186,1352,2023-10-29,2040,9,87.32,DKK
4187,1059,2023-10-19,2033,1,148.01,USD
4188,1223,2023-03-14,2049,3,78.34,EUR
4189,1107,2023-08-15,2005,8,105.33,USD
4190,1365,2023-08-13,2043,5,193.01,EUR
4191,1451,2023-08-02,2006,8,199.38,EUR
4192,1338,2023-12-05,2006,9,97.06,USD
4193,1299,2023-08-09,2009,4,133.81,DKK
4194,1399,2023-09-26,2048,3,158.65,USD
4195,1051,2023-12-02,2049,5,125.72,EUR
4196,1283,2023-11-16,2035,6,140.52,USD
4197,1140,2023-02-25,2029,4,2.1,EUR
4198,1482,2023-11-04,2000,8,163.16,EUR
4199,1433,2023-11-22,2041,7,140.77,DKK
4200,1011,2023-03-16,2012,6,124.8,EUR
4201,1409,2023-06-15,2019,1,80.19,EUR
4202,1493,2023-01-02,2014,5,25.3,SEK
4203,1290,2023-04-26,2024,3,40.77,EUR
4204,1053,2023-06-02,2047,3,203.72,EUR
4205,1098,2023-06-26,2016,9,105.69,SEK
4206,1162,2023-09-14,2022,4,177.62,EUR
4207,1184,2023-07-24,2015,4,75.63,USD
4208,1296,2023-02-22,2028,2,131.46,EUR
4209,1125,2023-02-22,2042,9,140.62,EUR
4210,1184,2023-05-11,2013,5,120.95,DKK
4211,1402,2023-09-10,2040,8,174.81,EUR
4212,1103,2023-04-17,2027,1,104.13,DKK
4213,1187,2023-05-01,2038,7,141.97,USD
4214,1270,2023-02-09,2022,5,231.45,EUR
4215,1043,2023-05-08,2035,2,105.59,USD
4216,1257,2023-01-05,2008,9,61.0,EUR
4217,1319,2023-08-08,2004,2,41.79,EUR
4218,1499,2023-11-30,2049,7,67.08,USD
4219,1349,2023-09-13,2018,6,-36.08,EUR
4220,1122,2023-12-19,2019,2,27.98,EUR
4221,1484,2023-01-15,2030,2,99.46,USD
4222,1272,2023-11-26,2040,1,-5.0,EUR
4223,1094,2023-09-29,2034,3,30.01,EUR
4224,1380,2023-12-15,2012,6,50.0,DKK
4225,1164,2023-04-29,2035,1,82.53,EUR
4226,1424,2023-11-11,2021,7,79.87,USD
4227,1426,2023-10-22,2022,9,149.35,EUR
4228,1378,2023-01-07,2010,8,67.36,EUR
4229,1337,2023-09-17,2031,3,122.02,DKK
4230,1250,2023-05-06,2000,7,99.84,USD
4231,1289,2023-06-29,2032,1,109.07,USD
4232,1195,2023-04-11,2020,8,46.6,SEK
4233,1468,2023-01-29,2027,7,79.19,EUR
4234,1197,2023-12-05,2005,7,151.93,EUR
4235,1043,2023-06-22,2014,1,16.94,EUR
4236,1234,2023-07-05,2000,4,80.61,DKK
4237,1284,2023-03-10,2040,7,120.7,DKK
4238,1472,2023-08-25,2000,7,89.28,DKK
4239,1072,2023-11-20,2014,5,75.5,EUR
4240,1488,2023-05-11,2019,7,99.58,EUR
4241,1441,2023-04-14,2004,5,222.84,SEK
4242,1235,2023-12-06,2009,3,81.42,DKK
4243,1004,2023-07-28,2030,3,-3.35,DKK
4244,1292,2023-12-21,2023,9,131.1,USD
4245,1172,2023-01-20,2008,4,107.47,DKK
4246,1152,2023-08-06,2003,5,192.19,SEK
4247,1297,2023-08-08,2039,6,180.32,EUR
4248,1005,2023-04-19,2027,8,71.51,EUR
4249,1148,2023-11-09,2031,9,98.78,EUR
4250,1174,2023-03-31,2028,6,214.15,EUR
4251,1257,2023-03-24,2048,6,65.16,EUR
4252,1437,2023-04-07,2017,9,32.24,EUR
4253,1097,2023-07-10,2031,3,144.95,USD
4254,1042,2023-12-09,2028,8,103.72,DKK
4255,1106,2023-09-23,2007,5,182.69,SEK
4256,1291,2023-03-26,2002,5,139.21,EUR
4257,1117,2023-06-17,2017,9,139.95,SEK
4258,1047,2023-11-15,2021,4,67.86,EUR
4259,1166,2023-10-28,2000,9,142.97,USD
4260,1260,2023-03-03,2009,7,120.89,EUR
4261,1474,2023-03-20,2014,8,92.49,EUR
4262,1285,2023-08-03,2007,8,159.03,EUR
4263,1044,2023-06-14,2007,9,138.44,EUR
4264,1454,2023-07-11,2033,7,140.65,EUR
4265,1199,2023-01-29,2024,4,94.67,EUR
4266,1347,2023-07-17,2014,1,197.09,DKK
4267,1172,2023-11-14,2033,1,61.26,USD
4268,1431,2023-08-15,2004,1,-18.97,SEK
4269,1318,2023-01-06,2033,7,120.71,EUR
4270,1339,2023-11-14,2009,4,77.92,EUR
4271,1440,2023-02-24,2016,6,107.38,EUR
4272,1152,2023-07-11,2020,2,140.89,USD
4273,1279,2023-05-02,2002,7,82.15,DKK
4274,1285,2023-08-20,2033,5,25.18,USD
4275,1313,2023-01-27,2028,7,167.78,EUR
4276,1054,2023-06-26,2000,3,36.07,SEK
4277,1308,2023-05-28,2004,3,84.91,SEK
4278,1309,2023-11-16,2027,7,110.42,EUR
4279,1490,2023-05-25,2044,7,227.3,EUR
4280,1451,2023-06-19,2047,6,145.61,EUR
4281,1348,2023-05-31,2032,8,26.16,USD
4282,1439,2023-11-09,2012,7,129.82,USD
4283,1257,2023-09-27,2031,6,153.68,USD
4284,1018,2023-08-31,2032,9,172.53,SEK
4285,1345,2023-02-15,2025,8,93.93,SEK
4286,1001,2023-06-03,2023,8,-5.0,EUR
4287,1418,2023-02-13,2048,2,92.91,USD
4288,1484,2023-06-22,2028,3,55.89,EUR
4289,1197,2023-12-07,2039,5,18.73,EUR
4290,1356,2023-01-13,2002,7,69.32,EUR
4291,1299,2023-07-30,2022,5,33.64,EUR
4292,1005,2023-04-28,2030,2,104.11,EUR
4293,1230,2023-01-13,2034,1,120.78,EUR
4294,1031,2023-06-04,2032,7,101.51,DKK
4295,1060,2023-02-26,2025,2,84.36,DKK
4296,1299,2023-08-05,2048,4,137.49,DKK
4297,1028,2023-02-28,2032,9,39.22,EUR
4298,1128,2023-01-01,2010,4,88.62,DKK
4299,1423,2023-05-26,2046,7,91.85,EUR
4300,1185,2023-10-14,2032,6,110.93,SEK
4301,1268,2023-11-09,2032,8,124.96,DKK
4302,1245,2023-04-28,2001,2,50.53,SEK
4303,1081,2023-05-28,2002,6,130.14,USD
4304,1415,2023-02-06,2005,3,187.66,USD
4305,1420,2023-03-27,2037,2,130.62,DKK
4306,1183,2023-07-18,2000,8,86.12,DKK
4307,1109,2023-02-13,2030,6,50.24,USD
4308,1487,2023-02-23,2041,3,73.02,USD
4309,1338,2023-04-14,2002,2,129.08,DKK
4310,1474,2023-09-18,2033,7,66.09,EUR
4311,1037,2023-01-21,2023,3,228.37,EUR
4312,1248,2023-03-29,2020,7,105.83,EUR
4313,1494,2023-02-27,2019,7,136.06,SEK
4314,1457,2023-09-09,2023,6,65.2,EUR
4315,1256,2023-05-01,2047,7,124.17,EUR
4316,1009,2023-12-30,2026,6,126.59,DKK
4317,1469,2023-08-13,2004,7,57.3,EUR
4318,1214,2023-07-01,2044,5,199.42,EUR
4319,1237,2023-11-06,2047,9,54.69,EUR
4320,1499,2023-01-05,2000,2,90.83,DKK
4321,1122,2023-12-14,2001,8,52.37,EUR
4322,1332,2023-03-02,2029,8,198.45,USD
4323,1155,2023-11-02,2009,6,132.73,USD
4324,1000,2023-04-30,2000,5,36.7,EUR
4325,1425,2023-10-13,2000,9,60.86,USD
4326,1144,2023-07-08,2020,2,-31.33,SEK
4327,1213,2023-06-03,2049,7,50.83,EUR
4328,1203,2023-10-03,2001,5,175.71,DKK
4329,1499,2023-03-12,2026,8,70.19,EUR
4330,1146,2023-07-14,2030,8,133.79,EUR
4331,1307,2023-09-30,2047,8,149.11,DKK
4332,1317,2023-10-15,2040,1,86.16,USD
4333,1052,2023-07-19,2037,3,38.65,DKK
4334,1373,2023-03-12,2048,3,56.74,EUR
4335,1127,2023-05-15,2046,2,112.62,EUR
4336,1068,2023-04-01,2005,4,76.26,EUR
4337,1453,2023-12-01,2037,1,134.9,DKK
4338,1359,2023-04-03,2014,3,148.08,EUR
4339,1353,2023-08-27,2049,8,51.55,EUR
4340,1492,2023-05-17,2037,3,92.34,SEK
4341,1184,2023-04-16,2029,7,121.73,DKK
4342,1406,2023-07-29,2030,1,101.62,SEK
4343,1301,2023-07-21,2004,5,113.46,EUR
4344,1039,2023-04-06,2028,8,162.39,DKK
4345,1238,2023-05-28,2029,1,222.06,EUR
4346,1495,2023-11-05,2039,6,64.87,SEK
4347,1132,2023-10-18,2030,4,91.26,EUR
4348,1429,2023-01-21,2020,8,118.97,SEK
4349,1346,2023-01-15,2044,8,86.75,DKK
4350,1428,2023-03-23,2018,6,32.43,DKK
4351,1098,2023-07-21,2012,7,106.55,USD
4352,1246,2023-09-03,2041,1,23.08,EUR
4353,1102,2023-01-04,2017,2,44.13,DKK
4354,1205,2023-01-31,2042,2,74.95,DKK
4355,1409,2023-03-20,2018,4,108.21,USD
4356,1467,2023-07-29,2005,9,67.6,EUR
4357,1038,2023-09-30,2045,4,111.81,EUR
4358,1256,2023-11-13,2018,2,42.92,SEK
4359,1128,2023-11-05,2023,5,140.54,EUR
4360,1117,2023-06-07,2011,6,76.57,USD
4361,1272,2023-02-19,2007,7,48.29,EUR
4362,1207,2023-05-14,2026,8,134.21,EUR
4363,1098,2023-11-30,2020,5,43.88,EUR
4364,1466,2023-09-02,2048,1,116.87,EUR
4365,1380,2023-03-26,2034,9,102.81,EUR
4366,1360,2023-11-14,2016,8,149.13,DKK
4367,1169,2023-01-31,2041,7,121.05,EUR
4368,1070,2023-01-06,2002,7,79.55,EUR
4369,1094,2023-04-27,2040,2,150.97,EUR
4370,1434,2023-04-15,2010,5,88.64,DKK
4371,1217,2023-01-23,2015,9,87.96,DKK
4372,1141,2023-01-10,2031,6,63.03,USD
4373,1114,2023-02-09,2008,4,114.28,SEK
4374,1263,2023-02-20,2011,1,3.78,USD
4375,1090,2023-11-18,2030,5,71.88,SEK
4376,1162,2023-07-01,2046,1,92.38,EUR
4377,1342,2023-12-21,2021,3,126.52,DKK
4378,1128,2023-09-05,2039,2,124.26,SEK
4379,1266,2023-03-09,2020,3,102.42,EUR
4380,1396,2023-03-30,2036,9,194.88,SEK
4381,1493,2023-10-03,2038,6,8.95,USD
4382,1119,2023-12-12,2045,5,134.05,EUR
4383,1211,2023-09-10,2009,5,167.12,SEK
4384,1393,2023-07-25,2009,1,0.44,EUR
4385,1230,2023-05-20,2049,2,106.61,EUR
4386,1398,2023-03-23,2027,8,73.4,EUR
4387,1080,2023-11-06,2046,7,63.91,EUR
4388,1159,2023-11-11,2000,6,109.05,EUR
4389,1117,2023-10-27,2048,2,54.18,USD
4390,1122,2023-07-18,2000,5,71.27,EUR
4391,1100,2023-04-14,2010,7,-19.63,USD
4392,1494,2023-07-25,2018,1,126.83,USD
4393,1223,2023-05-04,2022,4,68.63,EUR
4394,1278,2023-02-22,2040,8,104.12,DKK
4395,1302,2023-09-29,2022,5,60.17,DKK
4396,1424,2023-11-28,2018,6,113.85,EUR
4397,1256,2023-03-02,2045,1,54.56,EUR
4398,1451,2023-11-30,2009,3,7.15,EUR
4399,1106,2023-01-25,2003,7,134.31,SEK
4400,1126,2023-11-29,2036,7,33.75,EUR
4401,1142,2023-10-03,2034,2,22.57,DKK
4402,1401,2023-07-20,2022,8,100.51,EUR
4403,1459,2023-05-02,2036,9,31.74,EUR
4404,1465,2023-10-27,2042,1,153.49,EUR
4405,1480,2023-11-25,2016,4,52.63,DKK
4406,1076,2023-02-22,2011,7,172.51,EUR
4407,1407,2023-06-05,2001,7,161.37,EUR
4408,1227,2023-02-22,2016,2,115.03,EUR
4409,1426,2023-07-24,2020,1,44.75,DKK
4410,1409,2023-09-05,2034,3,109.4,EUR
4411,1015,2023-05-28,2042,8,141.21,EUR
4412,1083,2023-10-13,2011,5,105.76,EUR
4413,1006,2023-06-05,2027,9,36.84,EUR
4414,1313,2023-12-13,2041,8,130.22,EUR
4415,1052,2023-04-17,2041,5,46.74,EUR
4416,1334,2023-05-30,2032,1,213.6,EUR
4417,1277,2023-07-03,2012,6,144.82,EUR
4418,1301,2023-01-28,2022,6,133.12,USD
4419,1071,2023-02-26,2002,7,65.78,EUR
4420,1307,2023-05-25,2034,5,-21.63,EUR
4421,1361,2023-05-14,2021,5,156.28,SEK
4422,1380,2023-03-23,2030,1,16.95,SEK
4423,1206,2023-10-21,2011,7,79.16,USD
4424,1480,2023-08-30,2018,5,175.48,USD
4425,1480,2023-09-24,2038,1,137.45,EUR
4426,1171,2023-08-25,2003,6,55.58,SEK
4427,1346,2023-11-26,2043,6,132.54,DKK
4428,1157,2023-01-10,2030,5,115.45,EUR
4429,1451,2023-11-13,2006,6,176.56,EUR
4430,1310,2023-08-30,2031,1,109.56,EUR
4431,1091,2023-06-04,2013,9,170.63,SEK
4432,1115,2023-09-30,2014,9,71.39,EUR
4433,1191,2023-10-20,2001,1,60.64,EUR
4434,1034,2023-09-08,2028,7,116.23,DKK
4435,1115,2023-08-25,2006,1,-59.78,USD
4436,1402,2023-12-31,2026,4,169.72,EUR
4437,1011,2023-07-17,2012,3,24.4,EUR
4438,1016,2023-06-19,2048,1,94.9,USD
4439,1335,2023-01-04,2041,6,37.66,EUR
4440,1301,2023-10-28,2000,1,29.3,EUR
4441,1349,2023-03-22,2039,8,88.66,SEK
4442,1434,2023-05-21,2043,1,68.2,EUR
4443,1209,2023-09-13,2025,3,136.26,SEK
4444,1192,2023-10-13,2049,5,186.99,EUR
4445,1058,2023-02-11,2028,5,-27.34,EUR
4446,1381,2023-10-15,2046,3,142.0,DKK
4447,1037,2023-02-22,2022,8,156.48,EUR
4448,1362,2023-10-02,2043,1,125.22,USD
4449,1354,2023-03-19,2019,8,53.86,EUR
4450,1476,2023-05-17,2036,3,139.48,SEK
4451,1446,2023-07-31,2044,2,152.86,USD
4452,1030,2023-04-18,2017,6,110.55,EUR
4453,1348,2023-11-04,2010,4,68.59,EUR
4454,1260,2023-05-08,2046,8,78.32,EUR
4455,1479,2023-08-05,2040,1,171.86,DKK
4456,1258,2023-01-24,2025,6,118.47,EUR
4457,1224,2023-06-07,2041,2,46.63,EUR
4458,1013,2023-08-21,2006,8,69.12,EUR
4459,1177,2023-06-19,2046,9,56.96,EUR
4460,1005,2023-04-12,2011,6,-30.07,USD
4461,1135,2023-01-23,2028,1,126.12,EUR
4462,1426,2023-09-29,2035,3,131.26,EUR
4463,1199,2023-07-24,2032,7,0.0,EUR
4464,1472,2023-09-14,2023,8,132.41,DKK
4465,1038,2023-01-30,2017,7,0.0,EUR
4466,1147,2023-01-03,2013,1,148.91,SEK
4467,1293,2023-04-04,2028,6,96.11,USD
4468,1151,2023-10-27,2024,6,92.51,EUR
4469,1332,2023-08-29,2012,1,61.91,DKK
4470,1365,2023-12-10,2017,4,42.89,EUR
4471,1125,2023-09-28,2008,5,48.71,EUR
4472,1366,2023-04-13,2048,7,129.21,EUR
4473,1131,2023-10-29,2016,8,78.57,DKK
4474,1104,2023-10-20,2017,3,112.48,EUR
4475,1305,2023-05-30,2020,3,143.99,SEK
4476,1083,2023-05-18,2049,1,124.09,EUR
4477,1159,2023-09-17,2036,9,53.09,DKK
4478,1081,2023-11-04,2001,5,-24.05,DKK
4479,1455,2023-10-04,2043,5,18.54,EUR
4480,1239,2023-05-14,2031,9,132.65,USD
4481,1014,2023-04-14,2004,9,152.95,EUR
4482,1421,2023-08-15,2018,3,62.84,DKK
4483,1020,2023-12-19,2027,7,99.59,DKK
4484,1494,2023-03-20,2047,9,41.61,EUR
4485,1238,2023-08-13,2025,7,55.87,EUR
4486,1365,2023-03-08,2008,2,114.58,EUR
4487,1231,2023-08-09,2038,1,99.95,EUR
4488,1273,2023-07-06,2010,6,54.18,EUR
4489,1357,2023-03-27,2022,3,26.4,EUR
4490,1473,2023-11-09,2045,2,152.81,EUR
4491,1304,2023-08-14,2043,5,11.72,USD
4492,1082,2023-05-19,2025,7,136.25,USD
4493,1053,2023-06-29,2024,6,77.79,EUR
4494,1056,2023-12-27,2008,7,114.5,DKK
4495,1267,2023-09-22,2029,7,63.89,DKK
4496,1403,2023-02-22,2032,8,141.2,EUR
4497,1263,2023-12-07,2044,3,-1.91,EUR
4498,1112,2023-11-04,2041,7,123.9,EUR
4499,1172,2023-07-24,2019,2,192.7,DKK
4500,1293,2023-01-18,2049,1,64.7,DKK
4501,1036,2023-03-10,2022,5,20.66,DKK
4502,1361,2023-01-30,2034,8,142.69,EUR
4503,1235,2023-03-29,2047,9,90.79,USD
4504,1346,2023-01-19,2001,2,50.25,SEK
4505,1319,2023-09-05,2048,5,87.58,USD
4506,1423,2023-05-25,2036,2,115.55,DKK
4507,1014,2023-01-15,2029,3,50.24,DKK
4508,1012,2023-06-17,2036,5,27.7,DKK
4509,1347,2023-04-06,2032,6,91.64,EUR
4510,1018,2023-07-21,2028,4,102.6,EUR
4511,1022,2023-01-21,2006,8,155.9,USD
4512,1247,2023-01-16,2045,6,67.71,USD
4513,1375,2023-05-23,2015,2,59.62,USD
4514,1367,2023-10-24,2017,2,82.89,USD
4515,1429,2023-08-04,2003,1,83.79,EUR
4516,1104,2023-06-05,2019,7,7.79,USD
4517,1441,2023-03-11,2008,9,133.28,USD
4518,1471,2023-12-05,2027,5,188.42,EUR
4519,1495,2023-11-24,2016,4,103.18,SEK
4520,1302,2023-12-24,2004,2,117.14,USD
4521,1078,2023-05-26,2000,7,42.51,DKK
4522,1170,2023-11-18,2010,1,64.56,EUR
4523,1200,2023-05-11,2003,9,146.49,EUR
4524,1441,2023-05-03,2007,1,146.72,EUR
4525,1453,2023-05-05,2002,6,89.02,EUR
4526,1381,2023-01-24,2019,4,94.37,DKK
4527,1048,2023-06-07,2007,1,135.11,DKK
4528,1007,2023-02-15,2036,1,85.37,EUR
4529,1069,2023-01-22,2039,5,145.39,EUR
4530,1277,2023-10-03,2029,6,162.57,EUR
4531,1259,2023-12-12,2025,8,166.84,EUR
4532,1069,2023-08-14,2023,6,80.41,USD
4533,1461,2023-04-18,2027,9,97.06,DKK
4534,1201,2023-11-26,2005,8,113.43,EUR
4535,1141,2023-10-22,2046,2,167.87,USD
4536,1220,2023-05-14,2008,9,133.0,DKK
4537,1326,2023-01-03,2033,2,108.06,EUR
4538,1170,2023-06-18,2014,2,46.74,EUR
4539,1038,2023-04-21,2005,3,186.81,EUR
4540,1444,2023-02-23,2018,3,133.27,SEK
4541,1258,2023-07-24,2044,6,48.04,DKK
4542,1298,2023-12-16,2015,5,225.61,DKK
4543,1313,2023-04-22,2026,9,94.17,SEK
4544,1340,2023-12-11,2038,4,58.91,SEK
4545,1351,2023-10-18,2019,6,-38.56,USD
4546,1468,2023-10-28,2004,6,104.2,EUR
4547,1351,2023-01-28,2033,3,100.67,EUR
4548,1331,2023-07-24,2022,4,60.23,EUR
4549,1421,2023-02-24,2010,2,111.51,EUR
4550,1389,2023-01-30,2047,8,41.07,
4551,1289,2023-06-22,2005,8,167.06,EUR
4552,1363,2023-01-07,2034,8,104.1,EUR
4553,1327,2023-07-19,2036,6,82.77,SEK
4554,1252,2023-01-07,2004,8,88.16,EUR
4555,1223,2023-08-07,2043,9,107.12,EUR
4556,1366,2023-02-11,2022,6,69.94,USD
4557,1169,2023-02-11,2008,1,68.94,EUR
4558,1200,2023-06-12,2041,1,-5.0,DKK
4559,1086,2023-06-18,2004,1,135.63,EUR
4560,1401,2023-06-02,2034,4,106.22,SEK
4561,1062,2023-07-22,2007,3,113.42,EUR
4562,1467,2023-11-23,2035,1,177.71,USD
4563,1432,2023-12-06,2011,9,-80.52,USD
4564,1141,2023-08-19,2047,1,91.08,SEK
4565,1332,2023-02-12,2039,5,134.15,EUR
4566,1215,2023-06-07,2049,4,52.53,SEK
4567,1317,2023-01-26,2020,9,134.85,USD
4568,1059,2023-02-10,2019,6,147.17,EUR
4569,1467,2023-06-07,2046,9,64.65,DKK
4570,1427,2023-01-05,2041,4,53.0,EUR
4571,1407,2023-07-31,2016,3,56.27,EUR
4572,1059,2023-12-25,2004,5,84.71,EUR
4573,1496,2023-01-04,2026,4,173.88,SEK
4574,1462,2023-06-16,2019,6,107.31,EUR
4575,1440,2023-03-04,2033,7,70.64,DKK
4576,1307,2023-06-22,2032,8,77.97,USD
4577,1074,2023-07-27,2034,9,183.05,USD
4578,1332,2023-12-20,2016,4,115.64,SEK
4579,1275,2023-03-15,2020,8,90.84,DKK
4580,1212,2023-11-25,2049,6,55.77,EUR
4581,1061,2023-02-20,2039,5,88.07,EUR
4582,1049,2023-11-07,2031,8,144.45,SEK
4583,1032,2023-04-15,2030,7,128.24,EUR
4584,1446,2023-01-26,2041,5,82.84,EUR
4585,1333,2023-01-11,2036,4,118.77,EUR
4586,1235,2023-09-14,2006,5,54.5,DKK
4587,1465,2023-07-13,2011,2,107.95,USD
4588,1392,2023-04-21,2030,3,171.97,EUR
4589,1323,2023-11-22,2028,5,23.04,EUR
4590,1049,2023-05-18,2031,3,138.17,EUR
4591,1428,2023-08-31,2015,8,85.04,EUR
4592,1094,2023-05-04,2014,4,17.41,EUR
4593,1215,2023-09-12,2043,8,94.68,SEK
4594,1079,2023-01-09,2048,1,11.28,EUR
4595,1349,2023-10-02,2040,3,113.93,EUR
4596,1085,2023-07-27,2035,4,113.55,EUR
4597,1011,2023-10-28,2018,4,57.99,EUR
4598,1389,2023-10-10,2006,7,128.44,SEK
4599,1267,2023-07-29,2032,5,63.73,EUR
4600,1025,2023-06-14,2000,1,130.51,SEK
4601,1462,2023-12-26,2024,1,100.84,DKK
4602,1119,2023-05-28,2039,5,107.97,EUR
4603,1486,2023-07-19,2046,4,70.02,EUR
4604,1074,2023-10-28,2009,8,135.54,DKK
4605,1047,2023-04-07,2017,2,99.42,EUR
4606,1291,2023-04-23,2026,8,27.94,EUR
4607,1404,2023-06-28,2007,5,93.25,DKK
4608,1028,2023-09-30,2036,6,53.83,USD
4609,1094,2023-03-13,2007,8,43.71,USD
4610,1389,2023-05-07,2020,8,65.41,USD
4611,1265,2023-06-19,2006,7,97.19,USD
4612,1395,2023-03-26,2025,7,9.68,EUR
4613,1466,2023-09-17,2011,3,26.13,EUR
4614,1305,2023-07-31,2007,2,173.72,USD
4615,1337,2023-08-18,2022,5,88.51,EUR
4616,1084,2023-12-17,2039,7,51.56,USD
4617,1247,2023-11-13,2045,5,118.18,SEK
4618,1078,2023-07-23,2041,5,48.65,EUR
4619,1287,2023-12-26,2041,7,117.1,DKK
4620,1071,2023-12-22,2021,2,33.77,USD
4621,1093,2023-12-06,2006,6,66.42,DKK
4622,1058,2023-06-29,2019,9,113.53,USD
4623,1196,2023-03-12,2012,2,102.81,EUR
4624,1366,2023-05-09,2028,7,106.42,DKK
4625,1199,2023-09-11,2029,5,28.51,EUR
4626,1410,2023-05-28,2041,9,145.6,EUR
4627,1319,2023-12-13,2048,3,117.42,EUR
4628,1228,2023-08-23,2028,9,83.85,EUR
4629,1293,2023-01-24,2035,4,179.47,SEK
4630,1004,2023-02-09,2030,9,64.66,USD
4631,1389,2023-04-09,2008,1,59.26,EUR
4632,1121,2023-01-20,2023,5,96.67,EUR
4633,1340,2023-08-09,2044,6,155.45,EUR
4634,1479,2023-03-01,2003,7,69.31,DKK
4635,1362,2023-04-10,2038,4,150.88,EUR
4636,1085,2023-11-10,2035,7,154.31,EUR
4637,1094,2023-10-14,2040,9,46.09,EUR
4638,1276,2023-10-28,2006,7,126.81,EUR
4639,1114,2023-08-21,2035,4,172.83,EUR
4640,1286,2023-06-25,2042,2,66.59,DKK
4641,1161,2023-11-25,2001,5,189.57,EUR
4642,1443,2023-07-18,2002,2,163.16,DKK
4643,1069,2023-10-06,2004,7,134.5,USD
4644,1132,2023-08-12,2006,5,176.37,USD
4645,1051,2023-05-01,2029,4,167.39,USD
4646,1469,2023-06-16,2047,8,99.14,USD
4647,1210,2023-03-21,2001,4,146.76,EUR
4648,1343,2023-03-15,2038,4,232.47,USD
4649,1387,2023-02-12,2023,8,66.99,USD
4650,1377,2023-10-02,2007,6,98.9,EUR
4651,1318,2023-11-02,2029,2,59.38,SEK
4652,1064,2023-10-26,2016,7,3.25,EUR
4653,1292,2023-11-12,2030,4,118.67,SEK
4654,1421,2023-11-12,2033,5,156.6,DKK
4655,1110,2023-03-06,2036,2,75.95,SEK
4656,1008,2023-01-10,2037,2,92.21,EUR
4657,1162,2023-04-25,2013,2,97.71,DKK
4658,1390,2023-12-13,2036,4,102.5,EUR
4659,1210,2023-05-02,2001,6,105.91,DKK
4660,1250,2023-02-12,2019,8,83.92,SEK
4661,1250,2023-10-18,2000,3,143.1,USD
4662,1232,2023-09-16,2043,8,117.52,DKK
4663,1422,2023-11-26,2044,4,125.06,EUR
4664,1318,2023-12-21,2027,7,202.09,EUR
4665,1430,2023-05-30,2002,8,88.31,USD
4666,1017,2023-11-14,2031,5,77.64,EUR
4667,1227,2023-07-30,2041,4,30.75,EUR
4668,1168,2023-07-14,2034,6,35.22,DKK
4669,1059,2023-09-15,2043,8,176.95,EUR
4670,1176,2023-01-25,2017,4,106.68,USD
4671,1015,2023-08-22,2019,9,11.52,DKK
4672,1015,2023-06-27,2028,5,100.11,USD
4673,1020,2023-11-25,2022,9,151.22,DKK
4674,1281,2023-05-14,2017,3,130.78,EUR
4675,1068,2023-03-08,2048,9,131.3,EUR
4676,1077,2023-02-28,2004,8,97.22,EUR
4677,1220,2023-09-10,2003,6,11.19,DKK
4678,1016,2023-05-11,2041,8,48.41,DKK
4679,1164,2023-09-18,2026,2,142.52,EUR
4680,1150,2023-02-15,2032,8,81.27,DKK
4681,1062,2023-01-01,2015,8,101.14,EUR
4682,1231,2023-02-09,2019,1,45.27,EUR
4683,1006,2023-01-09,2033,7,136.8,EUR
4684,1080,2023-06-11,2018,5,253.29,SEK
4685,1474,2023-07-26,2028,7,128.51,USD
4686,1409,2023-12-06,2039,7,128.19,USD
4687,1276,2023-02-08,2030,3,90.81,USD
4688,1330,2023-01-23,2035,7,83.8,EUR
4689,1221,2023-02-07,2037,4,44.93,EUR
4690,1082,2023-04-08,2046,6,175.38,USD
4691,1059,2023-03-27,2049,3,151.1,USD
4692,1095,2023-12-01,2046,4,111.7,EUR
4693,1303,2023-11-28,2000,8,64.62,EUR
4694,1309,2023-04-24,2012,9,207.96,EUR
4695,1335,2023-11-15,2005,4,70.18,EUR
4696,1138,2023-08-22,2015,3,95.89,EUR
4697,1048,2023-11-02,2000,4,50.92,DKK
4698,1365,2023-10-24,2030,3,69.07,EUR
4699,1284,2023-02-07,2045,1,163.59,SEK
4700,1365,2023-01-18,2046,1,44.59,USD
4701,1059,2023-07-26,2013,4,198.69,EUR
4702,1061,2023-03-18,2011,6,119.22,EUR
4703,1035,2023-01-24,2024,4,72.99,EUR
4704,1277,2023-09-12,2045,4,119.48,USD
4705,1013,2023-06-27,2031,9,114.71,DKK
4706,1444,2023-02-27,2047,6,37.34,EUR
4707,1012,2023-12-27,2022,5,43.44,DKK
4708,1413,2023-05-09,2007,2,146.4,EUR
4709,1495,2023-09-18,2021,4,132.49,DKK
4710,1066,2023-12-23,2025,7,102.6,USD
4711,1197,2023-01-10,2009,6,140.66,USD
4712,1323,2023-01-30,2021,2,145.55,USD
4713,1196,2023-05-28,2036,9,128.46,EUR
4714,1109,2023-11-14,2009,5,-2.76,SEK
4715,1398,2023-05-11,2030,2,41.33,EUR
4716,1023,2023-03-18,2019,6,80.84,DKK
4717,1014,2023-08-16,2011,9,146.82,EUR
4718,1163,2023-02-19,2005,2,200.15,EUR
4719,1343,2023-07-15,2049,5,100.76,EUR
4720,1135,2023-11-27,2018,8,47.24,EUR
4721,1049,2023-07-18,2007,9,136.36,EUR
4722,1078,2023-06-12,2025,8,136.11,DKK
4723,1310,2023-07-22,2045,3,82.81,EUR
4724,1326,2023-07-13,2009,5,149.28,EUR
4725,1423,2023-05-12,2009,6,39.87,EUR
4726,1318,2023-02-05,2046,1,108.0,SEK
4727,1312,2023-01-20,2008,7,176.58,DKK
4728,1010,2023-04-11,2045,1,60.11,USD
4729,1238,2023-06-04,2011,6,83.52,EUR
4730,1418,2023-06-13,2011,1,89.55,USD
4731,1019,2023-01-14,2047,9,24.27,EUR
4732,1322,2023-11-07,2041,2,54.33,USD
4733,1218,2023-10-09,2046,8,-13.66,SEK
4734,1219,2023-01-31,2020,6,64.37,SEK
4735,1294,2023-05-27,2003,2,121.43,EUR
4736,1093,2023-03-15,2035,4,128.21,EUR
4737,1467,2023-07-10,2019,1,93.76,EUR
4738,1145,2023-12-22,2031,1,166.4,USD
4739,1471,2023-09-22,2044,7,91.08,EUR
4740,1328,2023-12-14,2048,3,99.82,USD
4741,1198,2023-05-08,2005,3,201.23,USD
4742,1422,2023-11-15,2011,4,56.28,EUR
4743,1103,2023-05-05,2003,6,75.33,USD
4744,1290,2023-07-02,2031,1,92.02,USD
4745,1165,2023-05-10,2015,9,136.47,EUR
4746,1348,2023-06-12,2030,9,75.48,EUR
4747,1246,2023-12-28,2045,3,198.3,EUR
4748,1105,2023-03-19,2004,9,87.77,USD
4749,1049,2023-01-15,2040,9,109.94,DKK
4750,1134,2023-11-06,2030,6,152.53,EUR
4751,1389,2023-04-07,2042,9,210.83,EUR
4752,1109,2023-07-05,2038,3,111.73,EUR
4753,1155,2023-04-13,2006,4,102.12,DKK
4754,1050,2023-03-30,2028,1,134.69,EUR
4755,1218,2023-01-15,2014,5,56.13,EUR
4756,1234,2023-10-03,2011,7,145.17,USD
4757,1157,2023-03-24,2042,1,68.75,USD
4758,1484,2023-01-28,2002,4,109.0,DKK
4759,1200,2023-02-04,2019,1,135.54,USD
4760,1011,2023-10-30,2033,4,129.22,EUR
4761,1327,2023-08-25,2035,3,128.91,EUR
4762,1136,2023-03-26,2047,4,41.61,
4763,1298,2023-05-30,2005,4,35.66,DKK
4764,1133,2023-09-07,2021,7,61.68,USD
4765,1421,2023-10-15,2023,2,61.51,EUR
4766,1347,2023-06-06,2026,1,147.44,DKK
4767,1315,2023-01-12,2033,5,130.15,SEK
4768,1416,2023-06-09,2045,7,125.33,DKK
4769,1441,2023-10-27,2037,8,64.78,DKK
4770,1120,2023-12-07,2016,2,87.67,EUR
4771,1402,2023-05-31,2040,3,0.15,EUR
4772,1366,2023-06-19,2049,1,137.29,EUR
4773,1457,2023-12-12,2017,7,155.53,SEK
4774,1047,2023-07-19,2015,4,131.42,EUR
4775,1337,2023-10-22,2049,1,69.49,SEK
4776,1204,2023-05-21,2032,8,-7.83,EUR
4777,1392,2023-03-13,2032,2,116.21,USD
4778,1415,2023-04-14,2023,9,55.88,USD
4779,1052,2023-05-07,2037,4,47.75,EUR
4780,1175,2023-05-07,2043,1,70.32,EUR
4781,1206,2023-01-19,2010,8,52.14,EUR
4782,1426,2023-09-27,2006,6,52.48,EUR
4783,1483,2023-07-05,2019,7,150.07,EUR
4784,1435,2023-08-26,2031,4,86.85,EUR
4785,1474,2023-07-12,2017,1,150.36,EUR
4786,1213,2023-01-23,2022,4,114.89,DKK
4787,1264,2023-09-13,2002,3,113.03,EUR
4788,1452,2023-11-26,2033,2,148.9,EUR
4789,1050,2023-03-05,2036,9,102.5,SEK
4790,1134,2023-02-06,2021,1,14.5,EUR
4791,1368,2023-11-23,2037,3,52.66,EUR
4792,1092,2023-03-20,2038,2,53.97,EUR
4793,1371,2023-07-28,2035,7,130.57,EUR
4794,1068,2023-08-18,2029,4,141.26,DKK
4795,1175,2023-05-19,2025,5,143.71,USD
4796,1018,2023-05-25,2036,6,72.73,EUR
4797,1383,2023-11-07,2040,8,131.87,DKK
4798,1361,2023-03-07,2031,2,95.15,DKK
4799,1114,2023-03-06,2033,7,146.81,EUR
4800,1136,2023-07-21,2014,3,155.98,DKK
4801,1119,2023-07-17,2011,4,61.97,USD
4802,1380,2023-05-05,2037,6,63.82,EUR
4803,1347,2023-12-08,2030,3,-3.45,DKK
4804,1246,2023-10-31,2038,4,116.24,EUR
4805,1038,2023-05-18,2005,1,62.58,EUR
4806,1210,2023-12-19,2039,2,100.01,EUR
4807,1257,2023-09-08,2042,9,176.89,DKK
4808,1447,2023-01-05,2013,6,168.55,EUR
4809,1360,2023-07-09,2028,5,141.06,EUR
4810,1416,2023-03-13,2024,9,25.64,USD
4811,1252,2023-06-05,2013,1,90.07,DKK
4812,1425,2023-01-08,2007,8,120.85,DKK
4813,1163,2023-05-20,2039,8,82.32,EUR
4814,1132,2023-12-04,2023,6,27.21,DKK
4815,1354,2023-08-09,2028,3,164.27,SEK
4816,1049,2023-10-29,2030,6,39.65,USD
4817,1480,2023-04-27,2007,3,159.92,USD
4818,1258,2023-08-17,2036,6,116.88,EUR
4819,1320,2023-06-16,2038,7,27.84,EUR
4820,1038,2023-11-18,2012,9,157.9,USD
4821,1048,2023-07-03,2032,9,79.1,DKK
4822,1025,2023-05-15,2019,6,171.69,DKK
4823,1274,2023-10-04,2003,9,98.85,SEK
4824,1458,2023-09-29,2018,3,223.94,EUR
4825,1000,2023-03-18,2018,3,85.65,EUR
4826,1492,2023-06-22,2018,4,128.4,SEK
4827,1352,2023-02-19,2023,5,139.12,EUR
4828,1029,2023-06-02,2026,2,65.31,SEK
4829,1468,2023-06-03,2026,7,33.73,EUR
4830,1024,2023-06-22,2019,5,132.92,EUR
4831,1370,2023-08-10,2047,5,122.78,EUR
4832,1310,2023-07-19,2045,3,130.66,EUR
4833,1441,2023-11-06,2018,7,25.94,EUR
4834,1098,2023-03-11,2020,6,82.61,EUR
4835,1320,2023-04-10,2036,7,150.59,USD
4836,1433,2023-01-29,2034,5,90.63,EUR
4837,1218,2023-07-30,2041,2,154.71,USD
4838,1269,2023-03-15,2042,5,152.63,DKK
4839,1465,2023-04-07,2030,1,228.66,EUR
4840,1117,2023-11-11,2042,5,173.57,EUR
4841,1222,2023-06-02,2044,7,134.25,EUR
4842,1217,2023-09-21,2003,8,95.79,SEK
4843,1470,2023-09-21,2036,1,146.96,USD
4844,1406,2023-06-17,2049,7,150.86,DKK
4845,1383,2023-03-10,2046,5,103.89,EUR
4846,1398,2023-07-25,2014,9,180.75,EUR
4847,1110,2023-08-31,2032,5,173.85,EUR
4848,1249,2023-05-30,2034,9,77.62,USD
4849,1033,2023-06-04,2016,9,121.57,EUR
4850,1437,2023-03-02,2033,3,145.15,EUR
4851,1016,2023-09-04,2004,4,124.7,EUR
4852,1352,2023-03-11,2003,3,37.05,EUR
4853,1005,2023-02-20,2048,2,43.04,EUR
4854,1033,2023-08-13,2015,4,0.0,EUR
4855,1328,2023-01-01,2006,6,64.99,EUR
4856,1432,2023-05-04,2010,3,87.81,EUR
4857,1289,2023-05-09,2046,4,79.08,EUR
4858,1425,2023-11-25,2004,7,39.62,EUR
4859,1276,2023-03-31,2011,5,98.47,EUR
4860,1306,2023-08-26,2015,9,23.39,DKK
4861,1298,2023-06-26,2040,7,199.55,DKK
4862,1356,2023-09-30,2011,9,24.92,EUR
4863,1212,2023-09-13,2049,9,124.52,USD
4864,1353,2023-12-06,2046,2,113.03,EUR
4865,1314,2023-05-27,2032,3,118.39,DKK
4866,1145,2023-02-18,2038,3,54.61,USD
4867,1430,2023-05-03,2042,3,191.54,USD
4868,1022,2023-01-26,2022,5,85.51,USD
4869,1138,2023-04-17,2027,6,120.78,SEK
4870,1418,2023-08-19,2046,9,1.33,EUR
4871,1497,2023-07-16,2030,1,169.63,EUR
4872,1139,2023-11-09,2047,4,78.48,EUR
4873,1120,2023-02-19,2043,9,127.53,SEK
4874,1420,2023-10-25,2037,7,152.13,EUR
4875,1410,2023-09-05,2002,7,70.38,EUR
4876,1182,2023-09-01,2045,3,128.46,EUR
4877,1056,2023-11-17,2015,8,68.23,EUR
4878,1483,2023-03-19,2041,7,111.36,EUR
4879,1321,2023-02-12,2039,8,150.73,EUR
4880,1064,2023-07-30,2021,7,-6.87,EUR
4881,1021,2023-07-24,2021,2,132.47,USD
4882,1349,2023-10-03,2017,5,-35.61,USD
4883,1119,2023-05-06,2024,5,40.89,DKK
4884,1021,2023-01-04,2025,1,0.0,EUR
4885,1067,2023-04-14,2005,4,97.83,USD
4886,1010,2023-09-09,2010,9,114.39,EUR
4887,1001,2023-03-31,2029,7,43.55,EUR
4888,1054,2023-05-11,2041,5,118.24,DKK
4889,1312,2023-06-11,2013,2,106.25,USD
4890,1014,2023-04-18,2047,1,20.22,EUR
4891,1306,2023-08-19,2043,6,83.0,DKK
4892,1209,2023-10-23,2039,9,100.89,EUR
4893,1073,2023-04-18,2027,9,54.89,SEK
4894,1059,2023-04-07,2043,4,174.53,EUR
4895,1251,2023-11-03,2011,2,13.14,EUR
4896,1065,2023-01-13,2000,6,117.97,EUR
4897,1376,2023-08-07,2014,6,140.02,USD
4898,1436,2023-04-06,2000,6,138.35,EUR
4899,1281,2023-07-21,2024,5,112.65,EUR
4900,1322,2023-05-14,2004,4,71.1,SEK
4901,1118,2023-02-10,2006,4,59.87,DKK
4902,1136,2023-07-24,2038,8,69.0,EUR
4903,1380,2023-10-22,2020,6,109.81,EUR
4904,1341,2023-03-16,2023,2,141.61,DKK
4905,1400,2023-11-25,2002,1,116.09,SEK
4906,1496,2023-07-18,2005,6,65.28,EUR
4907,1445,2023-09-10,2002,9,1.67,DKK
4908,1004,2023-05-31,2042,5,115.37,EUR
4909,1323,2023-12-27,2037,3,104.59,EUR
4910,1361,2023-03-05,2014,1,9.01,EUR
4911,1345,2023-05-02,2001,1,104.72,SEK
4912,1457,2023-10-18,2016,7,84.48,USD
4913,1434,2023-09-15,2017,1,51.41,DKK
4914,1381,2023-06-16,2032,2,60.05,EUR
4915,1294,2023-10-03,2002,9,98.52,EUR
4916,1186,2023-10-16,2040,2,53.99,DKK
4917,1215,2023-01-10,2043,6,157.36,EUR
4918,1095,2023-10-13,2015,9,147.62,EUR
4919,1019,2023-05-20,2002,3,101.35,SEK
4920,1025,2023-12-11,2029,3,135.03,DKK
4921,1155,2023-06-30,2016,3,94.24,SEK
4922,1441,2023-12-01,2036,4,154.95,DKK
4923,1373,2023-01-01,2037,5,200.19,EUR
4924,1011,2023-11-27,2040,6,95.83,DKK
4925,1109,2023-08-01,2030,2,113.56,EUR
4926,1139,2023-07-02,2024,5,73.67,EUR
4927,1268,2023-07-27,2021,8,12.16,SEK
4928,1259,2023-08-13,2005,4,87.52,EUR
4929,1308,2023-04-22,2033,6,175.56,USD
4930,1423,2023-06-01,2044,9,190.24,EUR
4931,1370,2023-08-21,2009,3,12.17,USD
4932,1246,2023-01-16,2035,1,146.17,EUR
4933,1188,2023-10-31,2022,3,183.51,EUR
4934,1024,2023-05-24,2014,6,90.44,USD
4935,1093,2023-08-14,2021,8,115.96,USD
4936,1334,2023-09-29,2037,2,30.94,EUR
4937,1313,2023-01-09,2045,4,134.73,EUR
4938,1448,2023-06-08,2021,8,62.13,USD
4939,1271,2023-12-23,2037,6,158.24,DKK
4940,1025,2023-03-19,2004,7,108.67,
4941,1494,2023-11-17,2010,4,42.31,USD
4942,1199,2023-12-04,2034,8,73.98,DKK
4943,1343,2023-12-20,2007,1,114.29,USD
4944,1298,2023-02-01,2020,5,42.27,DKK
4945,1457,2023-01-20,2012,5,63.24,EUR
4946,1188,2023-11-22,2032,7,141.93,EUR
4947,1317,2023-12-20,2044,4,68.27,EUR
4948,1359,2023-04-14,2013,5,154.84,USD
4949,1345,2023-08-05,2008,1,158.14,EUR
4950,1129,2023-05-09,2041,8,68.86,EUR
4951,1367,2023-02-15,2000,5,120.38,USD
4952,1191,2023-01-04,2016,1,50.54,DKK
4953,1087,2023-01-09,2010,6,68.71,DKK
4954,1436,2023-01-18,2019,4,188.95,USD
4955,1017,2023-10-06,2041,7,175.47,EUR
4956,1224,2023-12-01,2032,8,88.24,SEK
4957,1142,2023-11-04,2019,1,68.03,DKK
4958,1198,2023-02-11,2045,3,84.56,EUR
4959,1105,2023-11-17,2033,3,95.22,EUR
4960,1471,2023-04-25,2029,1,62.62,EUR
4961,1415,2023-08-20,2026,1,90.19,DKK
4962,1210,2023-09-16,2030,5,76.67,EUR
4963,1289,2023-06-21,2005,7,114.39,EUR
4964,1188,2023-04-30,2014,3,137.12,DKK
4965,1147,2023-04-05,2046,3,92.32,USD
4966,1067,2023-05-11,2032,3,0.0,EUR
4967,1172,2023-05-17,2000,9,136.18,EUR
4968,1320,2023-05-09,2009,7,82.18,DKK
4969,1435,2023-08-13,2049,4,71.69,EUR
4970,1306,2023-08-15,2045,2,82.05,EUR
4971,1208,2023-06-28,2002,4,62.51,EUR
4972,1337,2023-07-24,2000,9,122.95,DKK
4973,1498,2023-08-26,2039,1,6.28,EUR
4974,1491,2023-09-20,2004,2,76.5,EUR
4975,1353,2023-11-14,2015,6,96.72,EUR
4976,1436,2023-12-01,2018,8,104.41,DKK
4977,1342,2023-01-30,2019,9,154.41,SEK
4978,1127,2023-08-22,2014,2,23.51,EUR
4979,1457,2023-11-09,2004,2,197.41,DKK
4980,1485,2023-05-06,2032,4,67.58,DKK
4981,1265,2023-07-18,2010,5,-17.94,EUR
4982,1228,2023-05-29,2046,5,147.52,EUR
4983,1268,2023-04-17,2004,3,147.56,EUR
4984,1363,2023-07-20,2036,5,132.71,USD
4985,1207,2023-12-01,2017,4,35.52,USD
4986,1143,2023-12-04,2033,7,23.2,DKK
4987,1391,2023-03-07,2008,2,87.49,USD
4988,1226,2023-06-25,2040,2,121.43,DKK
4989,1434,2023-10-30,2008,8,95.12,USD
4990,1489,2023-02-08,2022,7,32.54,DKK
4991,1398,2023-12-12,2030,5,122.29,EUR
4992,1398,2023-07-03,2044,2,93.55,SEK
4993,1438,2023-02-09,2001,7,61.01,EUR
4994,1345,2023-01-28,2020,4,123.49,EUR
4995,1272,2023-08-13,2028,9,42.28,EUR
4996,1447,2023-10-15,2044,3,76.78,EUR
4997,1311,2023-07-18,2012,6,70.58,EUR
4998,1114,2023-01-30,2027,6,112.42,DKK
4999,1025,2023-08-03,2020,1,118.77,USD
5000,1038,2023-09-21,2014,7,31.03,DKK
